Timestep,ReleaseNumber,Mean_Relative_Abundance_Outside,Std_Error_Relative_Abundance_Outside,Aligned_Timestep,%
0,1,0,0,0,0
1,1,0,0,1,0
2,1,0,0,2,0
3,1,0,0,3,0
4,1,0,0,4,0
5,1,0,0,5,0
6,1,0,0,6,0
7,1,0,0,7,0
8,1,0,0,8,0
9,1,0,0,9,0
10,1,0,0,10,0
10,2,0,0,0,0
11,1,0,0,11,0
11,2,0,0,1,0
12,1,0,0,12,0
12,2,0,0,2,0
13,1,0,0,13,0
13,2,0,0,3,0
14,1,0,0,14,0
14,2,0,0,4,0
15,1,0,0,15,0
15,2,0,0,5,0
16,1,0,0,16,0
16,2,0,0,6,0
17,1,0,0,17,0
17,2,0,0,7,0
18,1,0,0,18,0
18,2,0,0,8,0
19,1,0,0,19,0
19,2,0,0,9,0
20,1,0,0,20,0
20,2,0,0,10,0
20,3,0,0,0,0
21,1,0,0,21,0
21,2,0,0,11,0
21,3,0,0,1,0
22,1,1.0974629400483432e-06,6.720560536832718e-07,22,0.000109746
22,2,0,0,12,0
22,3,0,0,2,0
23,1,0.000219493,8.719479463473216e-06,23,0.021949259
23,2,0,0,13,0
23,3,0,0,3,0
24,1,0.000331434,6.159495474524434e-06,24,0.033143381
24,2,0,0,14,0
24,3,0,0,4,0
25,1,0.000317167,5.595984946748589e-06,25,0.031716679
25,2,0,0,15,0
25,3,0,0,5,0
26,1,0.000248027,8.074001360619018e-06,26,0.024802662
26,2,0,0,16,0
26,3,0,0,6,0
27,1,0.000172302,7.06991043425457e-06,27,0.017230168
27,2,0,0,17,0
27,3,0,0,7,0
28,1,4.6642174952054585e-05,5.689368973440772e-06,28,0.004664217
28,2,0,0,18,0
28,3,0,0,8,0
29,1,4.82883693621271e-05,7.238265217433703e-06,29,0.004828837
29,2,0,0,19,0
29,3,0,0,9,0
30,1,3.841120290169201e-05,6.550392143434742e-06,30,0.00384112
30,2,0,0,20,0
30,3,0,0,10,0
30,4,0,0,0,0
31,1,9.93203960743563e-05,7.779611266960166e-06,31,0.00993204
31,2,0,0,21,0
31,3,0,0,11,0
31,4,0,0,1,0
32,1,0.000104259,7.513815103619697e-06,32,0.010425898
32,2,0,0,22,0
32,3,0,0,12,0
32,4,0,0,2,0
33,1,0.00066616,2.309240408859246e-05,33,0.066616
33,2,0,0,23,0
33,3,0,0,13,0
33,4,0,0,3,0
34,1,0.000910346,1.5984011790737818e-05,34,0.091034551
34,2,0.000254063,1.3060500646569776e-05,24,0.025406267
34,3,0,0,14,0
34,4,0,0,4,0
35,1,0.00098607,1.6498485642037483e-05,35,0.098607045
35,2,0.000491663,1.1877216297282912e-05,25,0.04916634
35,3,0,0,15,0
35,4,0,0,5,0
36,1,0.0009301,1.2422436996214618e-05,36,0.093009984
36,2,0.000400025,1.1940427048619785e-05,26,0.040002524
36,3,0,0,16,0
36,4,0,0,6,0
37,1,0.000797307,1.0995187575357315e-05,37,0.079730683
37,2,0.000199738,8.736728697883e-06,27,0.019973826
37,3,0,0,17,0
37,4,0,0,7,0
38,1,0.0007353,1.2543046009113642e-05,38,0.073530017
38,2,3.4570082611522816e-05,2.053165158171264e-06,28,0.003457008
38,3,0,0,18,0
38,4,0,0,8,0
39,1,0.000594276,1.3175269993481502e-05,39,0.059427618
39,2,2.304672174101521e-05,1.6461944100725141e-06,29,0.002304672
39,3,0,0,19,0
39,4,0,0,9,0
40,1,5.6519341412489675e-05,6.864628496830694e-06,40,0.005651934
40,2,2.7436573501208582e-06,8.676206345443963e-07,30,0.000274366
40,3,0,0,20,0
40,4,0,0,10,0
40,5,0,0,0,0
41,1,3.841120290169201e-05,4.508289062178129e-06,41,0.00384112
41,2,0,0,31,0
41,3,0,0,21,0
41,4,0,0,11,0
41,5,0,0,1,0
42,1,1.7559407040773492e-05,2.688224214733086e-06,42,0.001755941
42,2,0,0,32,0
42,3,0,0,22,0
42,4,0,0,12,0
42,5,0,0,2,0
43,1,1.701067557074932e-05,2.360183294705187e-06,43,0.001701068
43,2,6.036046170265888e-06,1.3441121073665429e-06,33,0.000603605
43,3,0,0,23,0
43,4,0,0,13,0
43,5,0,0,3,0
44,1,0.000144316,4.558105923238963e-06,44,0.014431638
44,2,6.036046170265888e-05,4.752153928969116e-06,34,0.006036046
44,3,0,0,24,0
44,4,0,0,14,0
44,5,0,0,4,0
45,1,0.000180533,6.098083218120089e-06,45,0.018053265
45,2,0.000200836,5.6495362620829265e-06,35,0.020083572
45,3,0.000861508,2.8814933953281753e-05,25,0.086150841
45,4,0,0,15,0
45,5,0,0,5,0
46,1,0.000279304,7.483699491037499e-06,46,0.027930432
46,2,0.000548183,1.799973053648358e-05,36,0.054818274
46,3,0.001562238,4.141559630765189e-05,26,0.15622385
46,4,0,0,16,0
46,5,0,0,6,0
47,1,0.000309485,7.4836994910342e-06,47,0.030948455
47,2,0.000625554,1.5880065001079203e-05,37,0.062555388
47,3,0.001648389,3.542825572749751e-05,27,0.164838934
47,4,0,0,17,0
47,5,0,0,7,0
48,1,0.000305643,5.4598091901866635e-06,48,0.030564343
48,2,0.000637077,1.5936847297855004e-05,38,0.063707724
48,3,0.000636529,1.4335445559113819e-05,28,0.063652851
48,4,0,0,18,0
48,5,0,0,8,0
49,1,0.000297412,4.474769719430266e-06,49,0.029741246
49,2,0.000623908,1.4992524732494804e-05,39,0.062390768
49,3,0.000683171,1.6507608388439297e-05,29,0.068317068
49,4,0,0,19,0
49,5,0,0,9,0
50,1,0.000288084,5.059054183003031e-06,50,0.028808402
50,2,0.000593179,1.569889952004267e-05,40,0.059317872
50,3,0.000645857,1.5823078938077735e-05,30,0.064585694
50,4,0,0,20,0
50,5,0,0,10,0
50,6,0,0,0,0
51,1,0.000311679,1.0065895147205879e-05,51,0.031167947
51,2,0.000547085,1.596516271366678e-05,41,0.054708528
51,3,0.000538306,1.434594387289541e-05,31,0.053830557
51,4,0,0,21,0
51,5,0,0,11,0
51,6,0,0,1,0
52,1,0.000458191,7.5637413346126e-06,52,0.045819078
52,2,0.000517454,1.633801302244958e-05,42,0.051745378
52,3,0.000464227,1.8515113786385548e-05,32,0.046422682
52,4,0,0,22,0
52,5,0,0,12,0
52,6,0,0,2,0
53,1,0.000474104,6.798514964388864e-06,53,0.047410399
53,2,0.000485627,1.4177037983480539e-05,43,0.048562735
53,3,0.000390697,1.670254227863834e-05,33,0.039069681
53,4,0,0,23,0
53,5,0,0,13,0
53,6,0,0,3,0
54,1,0.000465324,3.199626804894091e-06,54,0.046532429
54,2,0.000460386,1.2584986093700637e-05,44,0.04603857
54,3,0.000362163,1.073187455757994e-05,34,0.036216277
54,4,0,0,24,0
54,5,0,0,14,0
54,6,0,0,4,0
55,1,0.000433498,4.830707249472441e-06,55,0.043349786
55,2,0.000435693,1.4054383102210004e-05,45,0.043569279
55,3,0.000355029,1.6059186864089276e-05,35,0.035502926
55,4,2.7436573501208582e-06,1.2270008683674362e-06,25,0.000274366
55,5,0,0,15,0
55,6,0,0,5,0
56,1,0.000412646,6.641691210637292e-06,56,0.041264607
56,2,0.000438436,1.2851333201961923e-05,46,0.043843644
56,3,0.000514161,1.3624683058660278e-05,36,0.051416139
56,4,0.000203031,1.2513002741995372e-05,26,0.020303064
56,5,0,0,16,0
56,6,0,0,6,0
57,1,0.00039344,5.528316376511961e-06,57,0.039344046
57,2,0.000430754,1.1542941786701848e-05,47,0.04307542
57,3,0.000561352,8.788273267199738e-06,37,0.056135229
57,4,0.000339665,7.175595074923557e-06,27,0.033966478
57,5,3.3472619671474467e-05,6.399253609797382e-06,17,0.003347262
57,6,0,0,7,0
58,1,0.000377527,4.303258406256454e-06,58,0.037752725
58,2,0.000496602,9.384752056503033e-06,48,0.049660198
58,3,0.000771516,1.0850462406832457e-05,38,0.077151645
58,4,0.000417036,1.695748937833857e-05,28,0.041703592
58,5,0.024069557201140217,0.000102366,18,2.40695572
58,6,0,0,8,0
59,1,0.000361065,5.922742215539727e-06,59,0.036106531
59,2,0.000526782,6.9409650763617035e-06,49,0.052678221
59,3,0.000924064,5.162160499073385e-06,39,0.09240638
59,4,0.000585496,1.4992524732493894e-05,29,0.058549648
59,5,0.027473887,7.557568395120529e-05,19,2.747388724
59,6,0,0,9,0
60,1,0.000345152,6.630347579456969e-06,60,0.034515209
60,2,0.00051032,4.1609623894292216e-06,50,0.051032027
60,3,0.000925161,5.781244771472534e-06,40,0.092516126
60,4,0.000609092,1.0375233773982751e-05,30,0.060909193
60,5,0.023662947,6.0251864835188804e-05,20,2.366294718
60,6,0,0,10,0
60,7,0,0,0,0
61,1,0.000331434,7.01647119161734e-06,61,0.033143381
61,2,0.000478494,4.639945600226058e-06,51,0.047849384
61,3,0.000876873,8.349017389142817e-06,41,0.087687289
61,4,0.000565193,1.0375233773970811e-05,31,0.056519341
61,5,0.019507952,5.9325206488297495e-05,21,1.950795249
61,6,0,0,11,0
61,7,0,0,1,0
62,1,0.000312228,4.196988710061069e-06,62,0.031222821
62,2,0.00043679,5.162160499088272e-06,52,0.043679025
62,3,0.000778101,1.03243209981513e-05,42,0.077810122
62,4,0.000528977,1.1845484431076204e-05,32,0.052897714
62,5,0.016189225,6.460482918792643e-05,22,1.618922456
62,6,0,0,12,0
62,7,0,0,2,0
63,1,0.000288084,3.5772915191877752e-06,63,0.028808402
63,2,0.000311131,6.809578462288612e-06,53,0.031113074
63,3,0.000460386,8.157479757200724e-06,43,0.04603857
63,4,0.000162973,9.20659560716069e-06,33,0.016297325
63,5,0.004933096,4.2769385360720124e-05,23,0.493309592
63,6,0,0,13,0
63,7,0,0,3,0
64,1,0.000276561,3.8214724871979664e-06,64,0.027656066
64,2,0.000256258,9.838986315752074e-06,54,0.02562576
64,3,0.000375881,7.856638999604798e-06,44,0.037588106
64,4,6.914016522304563e-05,5.715769899335119e-06,34,0.006914017
64,5,0.000418682,1.1131271808696413e-05,24,0.041868211
64,6,0,0,14,0
64,7,0,0,4,0
65,1,0.000251319,5.922742215548989e-06,65,0.025131901
65,2,0.000208518,1.0940279928436083e-05,55,0.020851796
65,3,0.000308387,8.349017389136259e-06,45,0.030838709
65,4,5.871426729258636e-05,6.2924930468477934e-06,35,0.005871427
65,5,0.00033308,1.2680328260253236e-05,25,0.033308
65,6,0,0,15,0
65,7,0,0,5,0
66,1,0.000245832,3.7418497455227903e-06,66,0.02458317
66,2,0.0002162,1.2312878822168282e-05,56,0.02162002
66,3,0.000287535,6.962621806283665e-06,46,0.028753529
66,4,5.1580758182272137e-05,4.541561019555925e-06,36,0.005158076
66,5,0.000414292,1.080178978922778e-05,26,0.041429226
66,6,0,0,16,0
66,7,0,0,6,0
67,1,0.000239247,3.5135957755631386e-06,67,0.023924692
67,2,0.000289181,1.0065895147211322e-05,57,0.028918148
67,3,0.000454898,1.5889542808540578e-05,47,0.045489839
67,4,0.000297961,1.4113177127350278e-05,37,0.029796119
67,5,0.005448355,4.083719914221499e-05,27,0.544835477
67,6,0,0,17,0
67,7,0,0,7,0
68,1,0.000225529,2.194925880102499e-06,68,0.022552863
68,2,0.000299059,7.56374133462892e-06,58,0.029905865
68,3,0.000459288,1.3652280176392355e-05,48,0.045928824
68,4,0.000317167,1.3031650377983664e-05,38,0.031716679
68,5,0.001417922,1.5310493038858927e-05,28,0.141792212
68,6,0,0,18,0
68,7,0,0,8,0
69,1,0.000218944,2.929424422392842e-06,69,0.021894386
69,2,0.000289181,7.443355803652221e-06,59,0.028918148
69,3,0.000446667,1.3198104100738737e-05,49,0.044666742
69,4,0.000329788,1.378397724637634e-05,39,0.032978761
69,5,0.001378413,1.8087341285005415e-05,29,0.137841345
69,6,0,0,19,0
69,7,0,0,9,0
70,1,0.000205226,2.6600744943629136e-06,70,0.020522557
70,2,0.00029412,4.704392375782721e-06,60,0.029412007
70,3,0.000437339,1.4166414499048203e-05,50,0.043733898
70,4,0.000559157,1.5794508805366104e-05,40,0.055915737
70,5,0.001403655,1.7103353435752625e-05,30,0.14036551
70,6,0,0,20,0
70,7,0,0,10,0
70,8,0,0,0,0
71,1,0.000193702,3.5349552171358265e-06,71,0.019370221
71,2,0.000273817,4.7837300499538214e-06,61,0.0273817
71,3,0.000401123,1.2763168429960577e-05,51,0.04011227
71,4,0.000750665,1.0287800469848183e-05,41,0.075066465
71,5,0.001386644,1.175617955899529e-05,31,0.138664442
71,6,0,0,21,0
71,7,0,0,11,0
71,8,0,0,1,0
72,1,0.000184374,3.176013000214113e-06,72,0.018437377
72,2,0.000259001,3.6398727934631317e-06,62,0.025900125
72,3,0.000379173,1.0206995359241147e-05,52,0.037917345
72,4,0.000732008,7.4836994910441024e-06,42,0.073200778
72,5,0.001309273,7.9234240175361e-06,32,0.130927329
72,6,0,0,22,0
72,7,0,0,12,0
72,8,0,0,2,0
73,1,0.000175045,2.016168161046732e-06,73,0.017504534
73,2,0.000247478,5.446004340810254e-06,63,0.024747789
73,3,0.000359968,8.064672644200887e-06,53,0.035996784
73,4,0.000714448,8.873515546271929e-06,43,0.071444837
73,5,0.001249462,1.2257732533837537e-05,33,0.124946156
73,6,0,0,23,0
73,7,0,0,13,0
73,8,0,0,3,0
74,1,0.000102064,2.929424422395169e-06,74,0.010206405
74,2,0.000232662,6.515825188976882e-06,64,0.023266214
74,3,0.000332531,8.111208937235788e-06,54,0.033253127
74,4,0.000688658,4.338103172707975e-06,44,0.068865799
74,5,0.001180321,1.1555977298235028e-05,34,0.118032139
74,6,0,0,24,0
74,7,0,0,14,0
74,8,0,0,4,0
75,1,9.932039607434967e-05,3.821472487191771e-06,75,0.00993204
75,2,0.000215103,6.352026000423038e-06,65,0.021510274
75,3,0.0003029,5.85884884480535e-06,55,0.030289977
75,4,0.000654637,3.3151737897396573e-06,45,0.065463664
75,5,0.001115571,1.328904818499211e-05,35,0.111557108
75,6,0,0,25,0
75,7,0,0,15,0
75,8,0,0,5,0
76,1,9.82229331343055e-05,3.404789231133116e-06,76,0.009822293
76,2,0.000194251,8.38500469985856e-06,66,0.019425094
76,3,0.000282048,6.220301444939443e-06,56,0.028204798
76,4,0.000603605,3.1282506854985584e-06,46,0.060360462
76,5,0.001050821,1.1312389055056723e-05,36,0.105082077
76,6,0,0,26,0
76,7,0,0,16,0
76,8,0,0,6,0
77,1,9.767420166428552e-05,2.9550094009345644e-06,77,0.00976742
77,2,0.000170107,7.513815103622387e-06,67,0.017010676
77,3,0.00025516,2.8775721051510227e-06,57,0.025516013
77,4,0.000565193,4.3381031727269365e-06,47,0.056519341
77,5,0.000983876,1.1332334511123473e-05,37,0.098387553
77,6,0,0,27,0
77,7,0,0,17,0
77,8,0,0,7,0
78,1,9.547927578417715e-05,2.5146034975729355e-06,78,0.009547928
78,2,0.000151999,9.247387103359602e-06,68,0.015199862
78,3,0.000243088,5.92274221553602e-06,58,0.024308804
78,4,0.000539952,5.376448429475313e-06,48,0.053995177
78,5,0.000952049,1.2985356624629003e-05,38,0.09520491
78,6,0,0,28,0
78,7,0,0,18,0
78,8,0,0,8,0
79,1,9.383308137411899e-05,2.660074494356266e-06,79,0.009383308
79,2,0.000146511,9.52803900064233e-06,69,0.01465113
79,3,0.000231016,9.75446397695416e-06,59,0.023101595
79,4,0.000515259,4.541561019569127e-06,49,0.051525885
79,5,0.000908151,1.055506057262777e-05,39,0.090815058
79,6,0,0,29,0
79,7,0,0,19,0
79,8,0,0,9,0
80,1,9.438181284414317e-05,2.3918650249651814e-06,80,0.009438181
80,2,0.000136085,9.328434990410584e-06,70,0.01360854
80,3,0.000221139,1.146441746160232e-05,60,0.022113878
80,4,0.000507028,2.660074494362916e-06,50,0.050702788
80,5,0.000866996,8.67620634544123e-06,40,0.086699572
80,6,1.646194410072515e-06,6.720560536832718e-07,30,0.000164619
80,7,0,0,20,0
80,8,0,0,10,0
80,9,0,0,0,0
81,1,9.218688696406083e-05,2.2289577681543547e-06,81,0.009218689
81,2,0.000133342,1.0433115583059366e-05,71,0.013334175
81,3,0.000209067,1.171769768960321e-05,61,0.020906669
81,4,0.000496602,5.689368973455386e-06,51,0.049660198
81,5,0.000829133,8.949539438866027e-06,41,0.082913325
81,6,3.841120290169201e-06,1.646194410072515e-06,31,0.000384112
81,7,0,0,21,0
81,8,0,0,11,0
81,9,0,0,1,0
82,1,9.108942402401248e-05,1.5998134024493425e-06,82,0.009108942
82,2,0.000131147,9.320361916647192e-06,72,0.013114682
82,3,0.000197543,1.1378737946881845e-05,62,0.019754333
82,4,0.000493858,5.059054182994892e-06,52,0.049385832
82,5,0.000790722,7.279745586925146e-06,42,0.079072205
82,6,2.798530497123275e-05,2.660074494366629e-06,32,0.00279853
82,7,0,0,22,0
82,8,0,0,12,0
82,9,0,0,2,0
83,1,9.383308137413335e-05,1.5998134024493434e-06,83,0.009383308
83,2,0.000129501,6.908352687279301e-06,73,0.012950063
83,3,0.000189861,1.181366733242874e-05,63,0.018986109
83,4,0.000486725,7.980223483097328e-06,53,0.048672481
83,5,0.000749567,9.033260059290352e-06,43,0.074956719
83,6,7.682240580338402e-05,5.689368973440772e-06,33,0.007682241
83,7,0,0,23,0
83,8,0,0,13,0
83,9,0,0,3,0
84,1,9.273561843408499e-05,1.8199363967303241e-06,84,0.009273562
84,2,7.901733168348071e-05,2.5146034975901566e-06,74,0.007901733
84,3,0.000179984,1.0611961581011335e-05,64,0.017998392
84,4,0.000468068,9.528039000638879e-06,54,0.046806794
84,5,0.000710059,1.0780862827770296e-05,44,0.071005852
84,6,0.000120721,5.820176152573567e-06,34,0.012072092
84,7,0,0,24,0
84,8,0,0,14,0
84,9,0,0,4,0
85,1,9.273561843408499e-05,1.8199363967303241e-06,85,0.009273562
85,2,7.901733168348071e-05,2.5146034975901566e-06,75,0.007901733
85,3,0.000173399,9.715801660803232e-06,65,0.017339914
85,4,0.000444472,6.135004341826308e-06,55,0.044447249
85,5,0.000673842,9.80065743487906e-06,45,0.067384225
85,6,0.000127306,5.922742215537404e-06,35,0.01273057
85,7,0,0,25,0
85,8,0,0,15,0
85,9,0,0,5,0
86,1,9.328434990410917e-05,1.9400587175227696e-06,86,0.009328435
86,2,7.901733168348071e-05,2.6600744943666257e-06,76,0.007901733
86,3,0.000167912,9.07483073474354e-06,66,0.016791183
86,4,0.000422523,6.256501371003705e-06,56,0.042252323
86,5,0.000642565,9.715801660798165e-06,46,0.064256455
86,6,8.669957226381911e-05,4.303258406252825e-06,36,0.008669957
86,7,0,0,26,0
86,8,0,0,16,0
86,9,0,0,6,0
87,1,9.43818128441575e-05,1.8608389509146688e-06,87,0.009438181
87,2,7.901733168348071e-05,2.6600744943666257e-06,77,0.007901733
87,3,0.000163522,8.615258832856889e-06,67,0.016352198
87,4,0.000405513,6.630347579460277e-06,57,0.040551256
87,5,0.000622261,7.433235668722403e-06,47,0.062226149
87,6,7.188382257316649e-05,3.176013000214067e-06,37,0.007188382
87,7,0,0,27,0
87,8,0,0,17,0
87,9,0,0,7,0
88,1,9.328434990410917e-05,1.2270008683674366e-06,88,0.009328435
88,2,7.846860021345654e-05,2.9550094009413533e-06,78,0.00784686
88,3,0.000161876,9.543826979981918e-06,68,0.016187578
88,4,0.000391794,4.013624683682006e-06,58,0.039179427
88,5,0.000610189,7.980223483101098e-06,48,0.061018939
88,6,6.859143375302145e-05,4.160962389424603e-06,38,0.006859143
88,7,0,0,28,0
88,8,0,0,18,0
88,9,0,0,8,0
89,1,9.547927578420585e-05,1.5998134024493436e-06,89,0.009547928
89,2,8.176098903360158e-05,2.5146034975901557e-06,79,0.008176099
89,3,0.000171753,1.017745261896176e-05,69,0.017175295
89,4,0.000343506,4.106330316332689e-06,59,0.03435059
89,5,0.000612384,5.305980790500125e-06,49,0.061238432
89,6,5.651934141248969e-05,3.8411202901692e-06,39,0.005651934
89,7,0,0,29,0
89,8,0,0,19,0
89,9,0,0,9,0
90,1,0.000100418,2.22895776814884e-06,90,0.010041786
90,2,8.999196108396415e-05,2.0161681610498156e-06,80,0.008999196
90,3,0.000178338,8.139002995623829e-06,70,0.017833773
90,4,0.000285889,4.372670278358956e-06,60,0.02858891
90,5,0.000595374,6.6643205477924865e-06,50,0.059537364
90,6,4.719090642207876e-05,2.6600744943666308e-06,40,0.004719091
90,7,0,0,30,0
90,8,0,0,20,0
90,9,0,0,10,0
90,10,0,0,0,0
91,1,9.932039607434219e-05,1.8199363967134434e-06,91,0.00993204
91,2,8.779703520386746e-05,3.005526041452085e-06,81,0.008779704
91,3,0.000176143,5.305980790509931e-06,71,0.01761428
91,4,0.000212908,4.877231988472581e-06,61,0.021290781
91,5,0.000544342,7.74080997135924e-06,51,0.054434162
91,6,3.9508665841740354e-05,2.0531651581712655e-06,41,0.003950867
91,7,0,0,31,0
91,8,0,0,21,0
91,9,0,0,11,0
91,10,0,0,1,0
92,1,9.986912754439653e-05,1.8608389509120932e-06,92,0.009986913
92,2,8.944322961393997e-05,2.9550094009413487e-06,82,0.008944323
92,3,0.000175594,5.487314700235001e-06,72,0.017559407
92,4,0.00018602,4.372670278377156e-06,62,0.018601997
92,5,0.000519649,8.788273267190698e-06,52,0.05196487
92,6,5.487314700241717e-05,4.591016862705056e-06,42,0.005487315
92,7,0,0,32,0
92,8,0,0,22,0
92,9,0,0,12,0
92,10,0,0,2,0
93,1,9.986912754439653e-05,1.8608389509120932e-06,93,0.009986913
93,2,8.88944981439158e-05,2.391865024975883e-06,83,0.00888945
93,3,0.000167363,4.508289062177331e-06,73,0.01673631
93,4,0.000175594,6.135004341826314e-06,63,0.017559407
93,5,0.000492761,9.528039000651847e-06,53,0.049276086
93,6,0.000161327,1.0461936399250171e-05,43,0.016132705
93,7,5.487314700241716e-07,5.487314700241716e-07,33,5.48731E-05
93,8,4.389851760193373e-06,1.8608389509146716e-06,23,0.000438985
93,9,0,0,13,0
93,10,0,0,3,0
94,1,0.000100967,2.0161681610402407e-06,94,0.010096659
94,2,8.615084079379495e-05,2.95500940094135e-06,84,0.008615084
94,3,9.493054431416733e-05,1.8608389509019765e-06,74,0.009493054
94,4,0.000165717,5.320148988727879e-06,64,0.01657169
94,5,0.000463129,8.111208937253374e-06,54,0.046312936
94,6,0.000211262,1.0005889276307845e-05,44,0.021126162
94,7,7.243255404319065e-05,6.0485044831494455e-06,34,0.007243255
94,8,0.00155291,1.5665298412390528e-05,24,0.155291006
94,9,0,0,14,0
94,10,0,0,4,0
95,1,9.657673872423985e-05,2.3601832946976786e-06,95,0.009657674
95,2,8.450464638372243e-05,4.013624683677648e-06,85,0.008450465
95,3,9.43818128441575e-05,1.3989962366878555e-06,75,0.009438181
95,4,0.000156388,5.487314700250002e-06,65,0.015638847
95,5,0.00043679,7.331266014520395e-06,55,0.043679025
95,6,0.000344603,1.582307893808103e-05,45,0.034460336
95,7,9.273561843408499e-05,2.514603497590153e-06,35,0.009273562
95,8,0.001210502,1.6310344902647507e-05,25,0.121050162
95,9,0,0,15,0
95,10,0,0,5,0
96,1,9.54792757841915e-05,2.3601832946960117e-06,96,0.009547928
96,2,8.560210932377076e-05,4.013624683677651e-06,86,0.008560211
96,3,9.383308137411899e-05,2.3601832946935087e-06,76,0.009383308
96,4,0.000148706,3.821472487210903e-06,66,0.014870623
96,5,0.000408805,7.904400162926283e-06,56,0.040880495
96,6,0.000494407,1.9427729011272165e-05,46,0.049440705
96,7,0.00026833,8.203489596171201e-06,36,0.026832969
96,8,0.003970621,4.076339913766951e-05,26,0.397062092
96,9,0,0,16,0
96,10,0,0,6,0
97,1,9.493054431416733e-05,2.391865024966006e-06,97,0.009493054
97,2,8.505337785374661e-05,3.5772915191919663e-06,87,0.008505338
97,3,9.163815549402231e-05,3.1996268048876178e-06,77,0.009163816
97,4,0.000139378,3.821472487192959e-06,67,0.013937779
97,5,0.000380271,8.074001360617659e-06,57,0.038027091
97,6,0.000503735,1.9605154876668937e-05,47,0.050373549
97,7,0.000319362,1.2709976017043148e-05,37,0.031936172
97,8,0.004611539,1.4424437677094558e-05,27,0.461153927
97,9,0,0,17,0
97,10,0,0,7,0
98,1,9.108942402401248e-05,2.1949258800966835e-06,98,0.009108942
98,2,7.956606315350489e-05,3.681002605102309e-06,88,0.007956606
98,3,8.615084079379495e-05,3.741849745521898e-06,78,0.008615084
98,4,0.000132793,5.176722334784184e-06,68,0.013279302
98,5,0.000361614,7.970785013226908e-06,58,0.036161404
98,6,0.00051032,1.583259085896767e-05,48,0.051032027
98,7,0.000334726,1.5052655420606056e-05,38,0.03347262
98,8,0.001330125,1.3892771177525308e-05,28,0.133012508
98,9,0,0,18,0
98,10,0,0,8,0
99,1,8.999196108396415e-05,1.599813402449344e-06,99,0.008999196
99,2,8.066352609355323e-05,2.228957768154357e-06,89,0.008066353
99,3,8.615084079379495e-05,3.5349552171262186e-06,79,0.008615084
99,4,0.000130049,5.390431413895199e-06,69,0.013004936
99,5,0.000343506,6.515825188989525e-06,59,0.03435059
99,6,0.000503735,1.789907887772994e-05,49,0.050373549
99,7,0.000341311,1.2288399913599753e-05,39,0.034131097
99,8,0.001349331,1.2674390386722909e-05,29,0.134933068
99,9,1.0974629400483432e-06,1.0974629400483432e-06,19,0.000109746
99,10,0,0,9,0
100,1,9.054069255398832e-05,1.5027630207260433e-06,100,0.009054069
100,2,8.066352609355323e-05,2.228957768154357e-06,90,0.008066353
100,3,8.395591491369826e-05,2.8247681310444825e-06,80,0.008395591
100,4,0.000121818,3.534955217121851e-06,70,0.012181839
100,5,0.000331434,5.8459863729888116e-06,60,0.033143381
100,6,0.000476299,1.7559407040783124e-05,50,0.047629892
100,7,0.000324849,1.3816705374574081e-05,40,0.032484903
100,8,0.001273057,1.0080840805244571e-05,30,0.127305701
100,9,2.1949258800966865e-06,1.5998134024493453e-06,20,0.000219493
100,10,0,0,10,0
100,11,0,0,0,0
101,1,8.944322961393997e-05,2.3918650249758807e-06,101,0.008944323
101,2,8.011479462352906e-05,2.194925880096685e-06,91,0.008011479
101,3,8.395591491369826e-05,1.097462940048346e-06,81,0.008395591
101,4,0.000117429,5.446004340823861e-06,71,0.011742853
101,5,0.000317716,6.457802437981517e-06,61,0.031771552
101,6,0.000445021,1.279262420057613e-05,51,0.044502122
101,7,0.00028534,9.777587985635832e-06,41,0.028534036
101,8,0.001123802,1.4764853800998404e-05,31,0.112380205
101,9,5.487314700241716e-07,5.487314700241716e-07,21,5.48731E-05
101,10,0,0,11,0
101,11,0,0,1,0
102,1,8.669957226381913e-05,2.0531651581712626e-06,102,0.008669957
102,2,7.901733168348071e-05,2.0161681610498135e-06,92,0.007901733
102,3,8.230972050362574e-05,8.676206345443952e-07,82,0.008230972
102,4,0.000111392,5.176722334764361e-06,72,0.011139249
102,5,0.000304546,4.160962389432534e-06,62,0.030454597
102,6,0.000417585,1.0885095314603102e-05,52,0.041758465
102,7,0.000267781,8.120484193495042e-06,42,0.026778096
102,8,0.001011861,1.3112271167005851e-05,32,0.101186083
102,9,5.487314700241716e-07,5.487314700241716e-07,22,5.48731E-05
102,10,0,0,12,0
102,11,0,0,2,0
103,1,8.88944981439158e-05,2.6882242147330857e-06,103,0.00888945
103,2,8.176098903360158e-05,1.5998134024493436e-06,93,0.008176099
103,3,8.230972050362574e-05,1.9400587175227717e-06,83,0.008230972
103,4,0.000105905,4.799440207330694e-06,73,0.010590517
103,5,0.000292474,3.1996268049043767e-06,63,0.029247387
103,6,0.000389599,1.01552391636955e-05,53,0.038959934
103,7,0.000246929,7.613340169893422e-06,43,0.024692916
103,8,0.000929551,1.3424309158309368e-05,33,0.092955111
103,9,5.487314700241716e-07,5.487314700241716e-07,23,5.48731E-05
103,10,0,0,13,0
103,11,0,0,3,0
104,1,8.999196108396415e-05,2.7979924733757034e-06,104,0.008999196
104,2,8.340718344367409e-05,2.5443631547383503e-06,94,0.008340718
104,3,8.176098903360158e-05,2.3601832947051884e-06,84,0.008176099
104,4,6.529904493287643e-05,2.6600744943666295e-06,74,0.006529904
104,5,0.000278207,2.8247681310414667e-06,64,0.027820686
104,6,0.00038082,7.827842424992513e-06,54,0.038081964
104,7,0.000255709,7.533825299125673e-06,44,0.025570887
104,8,0.000981681,1.6425321265365862e-05,34,0.09816806
104,9,1.6461944100725146e-05,2.877572105153827e-06,24,0.001646194
104,10,0,0,14,0
104,11,0,0,4,0
105,1,8.999196108396415e-05,2.7979924733757034e-06,105,0.008999196
105,2,8.285845197364991e-05,2.7979924733757072e-06,95,0.008285845
105,3,8.285845197364991e-05,2.0161681610498113e-06,85,0.008285845
105,4,6.694523934294893e-05,2.8247681310444846e-06,75,0.006694524
105,5,0.00026394,3.0552075235604295e-06,65,0.026393984
105,6,0.000372589,1.0604865651363747e-05,55,0.037258867
105,7,0.000253514,6.973424949803487e-06,45,0.025351394
105,8,0.000998143,2.0262239249817298e-05,35,0.099814254
105,9,4.280105466188538e-05,2.5443631547383537e-06,25,0.004280105
105,10,0,0,15,0
105,11,0,0,5,0
106,1,8.779703520386746e-05,2.743657350120858e-06,106,0.008779704
106,2,8.285845197364991e-05,2.6600744943666265e-06,96,0.008285845
106,3,8.395591491369826e-05,2.0531651581712676e-06,86,0.008395591
106,4,6.694523934294893e-05,3.3151737897300998e-06,76,0.006694524
106,5,0.00025077,2.6882242147320485e-06,66,0.025077028
106,6,0.000360517,9.528039000638884e-06,56,0.036051658
106,7,0.00025077,9.328434990413818e-06,46,0.025077028
106,8,0.00099924,1.8269544376839377e-05,36,0.099924001
106,9,8.285845197364991e-05,7.633089464215056e-06,26,0.008285845
106,10,0,0,16,0
106,11,0,0,6,0
107,1,8.669957226381913e-05,3.3151737897301006e-06,107,0.008669957
107,2,8.121225756357741e-05,3.3151737897301006e-06,97,0.008121226
107,3,8.176098903360158e-05,2.360183294705187e-06,87,0.008176099
107,4,6.475031346285225e-05,4.0323363220996295e-06,77,0.006475031
107,5,0.000231016,2.7979924733681576e-06,67,0.023101595
107,6,0.000351737,1.013297701232145e-05,57,0.035173687
107,7,0.000269427,1.046193639923836e-05,47,0.026942715
107,8,0.001070575,9.792973656823171e-06,37,0.10705751
107,9,0.000322105,2.053165158173033e-06,27,0.032210537
107,10,0,0,17,0
107,11,0,0,7,0
108,1,8.560210932377076e-05,2.6600744943666286e-06,108,0.008560211
108,2,7.682240580338402e-05,4.06950149781504e-06,98,0.007682241
108,3,7.846860021345654e-05,2.2289577681543564e-06,88,0.00784686
108,4,6.420158199282808e-05,5.794250962870875e-06,78,0.006420158
108,5,0.000217846,2.3918650249726125e-06,68,0.021784639
108,6,0.000344055,1.021436769342312e-05,58,0.034405463
108,7,0.000276561,8.9073840493486e-06,48,0.027656066
108,8,0.001067831,1.2189992724659699e-05,38,0.106783144
108,9,0.000116331,9.206595607162096e-06,28,0.011633107
108,10,0,0,18,0
108,11,0,0,8,0
109,1,8.560210932377076e-05,1.8199363967303296e-06,109,0.008560211
109,2,7.627367433335986e-05,4.285729785916068e-06,99,0.007627367
109,3,8.121225756357741e-05,1.3989962366878517e-06,89,0.008121226
109,4,6.694523934294893e-05,4.877231988474217e-06,79,0.006694524
109,5,0.00020742,2.5443631547395e-06,69,0.02074205
109,6,0.000329788,8.017866255592895e-06,59,0.032978761
109,7,0.00026394,8.11120893722936e-06,49,0.026393984
109,8,0.001023933,8.650138565901458e-06,39,0.102393292
109,9,0.000137732,7.633089464205192e-06,29,0.01377316
109,10,0,0,19,0
109,11,0,0,9,0
110,1,8.395591491369825e-05,1.8608389509146705e-06,110,0.008395591
110,2,7.682240580338402e-05,3.7818706673096585e-06,100,0.007682241
110,3,8.011479462352906e-05,1.5998134024493438e-06,90,0.008011479
110,4,6.96888966930698e-05,4.3898517601933755e-06,80,0.00696889
110,5,0.000194251,2.360183294707007e-06,70,0.019425094
110,6,0.000312777,8.676206345444408e-06,60,0.031277694
110,7,0.000245832,8.873515546270367e-06,50,0.02458317
110,8,0.000967962,1.0497851150934855e-05,40,0.096796231
110,9,0.000122367,7.49375147608542e-06,30,0.012236712
110,10,0,0,20,0
110,11,0,0,10,0
110,12,0,0,0,0
111,1,8.395591491369826e-05,1.3989962366878517e-06,111,0.008395591
111,2,7.737113727340819e-05,3.1760130002140646e-06,101,0.007737114
111,3,7.791986874343237e-05,2.0531651581712655e-06,91,0.007791987
111,4,7.078635963311815e-05,4.541561019555924e-06,81,0.007078636
111,5,0.00018602,1.0265825790992124e-06,71,0.018601997
111,6,0.000297961,8.873515546260489e-06,61,0.029796119
111,7,0.00022937,9.287999451170883e-06,51,0.022936975
111,8,0.000915833,9.869542247440556e-06,41,0.091583282
111,9,0.000110844,8.39397742011499e-06,31,0.011084376
111,10,0,0,21,0
111,11,0,0,11,0
111,12,0,0,1,0
112,1,8.615084079379495e-05,1.3989962366878528e-06,112,0.008615084
112,2,7.73711372734082e-05,3.619132608716853e-06,102,0.007737114
112,3,7.956606315350489e-05,2.6028619036331856e-06,92,0.007956606
112,4,7.023762816309397e-05,3.199626804898691e-06,82,0.007023763
112,5,0.00018163,1.5998134024526155e-06,72,0.018163012
112,6,0.000273268,1.0177452618949908e-05,62,0.027326827
112,7,0.000205774,8.97473762887946e-06,52,0.02057743
112,8,0.000813769,8.438697914671983e-06,42,0.081376877
112,9,0.000104808,8.779703520379412e-06,32,0.010480771
112,10,0,0,22,0
112,11,0,0,12,0
112,12,0,0,2,0
113,1,8.779703520386746e-05,8.676206345443958e-07,113,0.008779704
113,2,7.846860021345654e-05,3.079747737256899e-06,103,0.00784686
113,3,8.066352609355323e-05,1.8608389509146705e-06,93,0.008066353
113,4,7.078635963311814e-05,3.292388820145031e-06,83,0.007078636
113,5,0.000176143,1.8199363967330757e-06,73,0.01761428
113,6,0.000225529,8.693541440339713e-06,63,0.022552863
113,7,0.000149255,6.1717045954662946e-06,53,0.014925496
113,8,0.00061842,1.727850755337696e-05,43,0.061842037
113,9,1.9205601450846006e-05,3.128250685500425e-06,33,0.00192056
113,10,0,0,23,0
113,11,0,0,13,0
113,12,0,0,3,0
114,1,8.50533778537466e-05,8.676206345443958e-07,114,0.008505338
114,2,8.066352609355323e-05,2.688224214733086e-06,104,0.008066353
114,3,8.066352609355323e-05,2.0531651581712664e-06,94,0.008066353
114,4,7.353001698323899e-05,4.938583230217547e-06,84,0.007353002
114,5,0.000107003,2.2955084313438844e-06,74,0.010700264
114,6,0.000184923,7.980223483089412e-06,64,0.018492251
114,7,0.000114136,6.864628496820082e-06,54,0.011413615
114,8,0.000496602,1.312948264391484e-05,44,0.049660198
114,9,3.29238882014503e-06,1.0265825790856328e-06,34,0.000329239
114,10,0,0,24,0
114,11,0,0,14,0
114,12,0,0,4,0
115,1,8.450464638372243e-05,1.3441121073665446e-06,115,0.008450465
115,2,8.230972050362574e-05,1.940058717522773e-06,105,0.008230972
115,3,8.176098903360158e-05,1.5998134024493442e-06,95,0.008176099
115,4,8.285845197364991e-05,3.4047892311423884e-06,85,0.008285845
115,5,0.000107551,1.5998134024577616e-06,75,0.010755137
115,6,0.000157486,5.922742215530911e-06,65,0.015748593
115,7,8.176098903360158e-05,6.098083218116057e-06,55,0.008176099
115,8,0.000372589,1.0988339123994136e-05,45,0.037258867
115,9,3.29238882014503e-06,1.0265825790856328e-06,35,0.000329239
115,10,0,0,25,0
115,11,0,0,15,0
115,12,0,0,5,0
116,1,8.560210932377076e-05,1.5998134024493453e-06,116,0.008560211
116,2,8.12122575635774e-05,2.391865024975881e-06,106,0.008121226
116,3,8.450464638372243e-05,1.599813402449345e-06,96,0.008450465
116,4,8.615084079379495e-05,2.824768131044483e-06,86,0.008615084
116,5,0.000109746,1.940058717522165e-06,76,0.010974629
116,6,0.000142121,6.399253609785603e-06,66,0.014212145
116,7,6.58477764029006e-05,3.3602802684163584e-06,56,0.006584778
116,8,0.000294669,7.133509110308835e-06,46,0.02946688
116,9,2.7436573501208582e-06,8.676206345443963e-07,36,0.000274366
116,10,0,0,26,0
116,11,0,0,16,0
116,12,0,0,6,0
117,1,8.450464638372243e-05,1.599813402449345e-06,117,0.008450465
117,2,8.011479462352906e-05,1.5998134024493447e-06,107,0.008011479
117,3,8.450464638372243e-05,2.360183294705188e-06,97,0.008450465
117,4,8.505337785374661e-05,3.360280268416358e-06,87,0.008505338
117,5,0.000109746,1.5027630207328755e-06,77,0.010974629
117,6,0.00013389,6.686873304462706e-06,67,0.013389048
117,7,7.407874845326317e-05,3.3602802684163584e-06,57,0.007407875
117,8,0.000279853,9.661414498936379e-06,47,0.027985305
117,9,7.188382257316649e-05,5.781244771468562e-06,37,0.007188382
117,10,4.9385832302175445e-05,6.886525294057585e-06,27,0.004938583
117,11,0,0,17,0
117,12,0,0,7,0
118,1,8.395591491369826e-05,2.053165158171264e-06,118,0.008395591
118,2,8.066352609355323e-05,1.646194410072515e-06,108,0.008066353
118,3,8.121225756357741e-05,2.8247681310444817e-06,98,0.008121226
118,4,8.395591491369825e-05,3.5349552171262186e-06,88,0.008395591
118,5,0.000107551,1.8199363967330757e-06,78,0.010755137
118,6,0.000131147,5.845986372990694e-06,68,0.013114682
118,7,9.657673872424317e-05,4.285729785905822e-06,58,0.009657674
118,8,0.000299607,4.938583230212778e-06,48,0.029960738
118,9,0.00022937,9.762178065926273e-06,38,0.022936975
118,10,8.176098903359888e-05,6.573335793866954e-06,28,0.008176099
118,11,0,0,18,0
118,12,0,0,8,0
119,1,8.230972050362574e-05,1.5027630207260438e-06,119,0.008230972
119,2,8.121225756357741e-05,2.228957768154358e-06,109,0.008121226
119,3,8.121225756357741e-05,2.228957768154358e-06,99,0.008121226
119,4,8.450464638372243e-05,2.660074494366625e-06,89,0.008450465
119,5,0.000107551,1.8199363967330757e-06,79,0.010755137
119,6,0.000130598,3.937889110819183e-06,69,0.013059809
119,7,0.000131147,2.929424422399399e-06,59,0.013114682
119,8,0.000300705,9.165622570689711e-06,49,0.030070485
119,9,0.000354481,8.822469012207628e-06,39,0.035448053
119,10,0.000384661,7.827842424999179e-06,29,0.038466076
119,11,0,0,19,0
119,12,0,0,9,0
120,1,8.230972050362574e-05,8.676206345443947e-07,120,0.008230972
120,2,7.737113727340819e-05,3.055207523563913e-06,110,0.007737114
120,3,8.176098903360158e-05,2.0161681610498147e-06,100,0.008176099
120,4,8.176098903360158e-05,3.176013000214067e-06,90,0.008176099
120,5,0.000106454,2.016168161043845e-06,80,0.010645391
120,6,0.00014706,4.303258406259005e-06,70,0.014706003
120,7,0.000213457,6.399253609799327e-06,60,0.021345654
120,8,0.000311131,4.032336322113195e-06,50,0.031113074
120,9,0.000719936,1.3569320444231715e-05,40,0.071993569
120,10,0.001372377,1.5012595055717313e-05,30,0.137237741
120,11,0,0,20,0
120,12,0,0,10,0
120,13,0,0,0,0
121,1,8.176098903360158e-05,1.026582579085631e-06,121,0.008176099
121,2,7.682240580338402e-05,2.454001736734873e-06,111,0.007682241
121,3,8.121225756357741e-05,2.22895776815436e-06,101,0.008121226
121,4,7.791986874343237e-05,3.534955217126217e-06,91,0.007791987
121,5,0.000103162,1.8608389509050893e-06,81,0.010316152
121,6,0.000155291,3.841120290178565e-06,71,0.015529101
121,7,0.000248027,5.17672233478524e-06,61,0.024802662
121,8,0.000324849,7.493751476085421e-06,51,0.032484903
121,9,0.000820902,1.109062186716941e-05,41,0.082090228
121,10,0.001585834,8.456519894222364e-06,31,0.158583395
121,11,0,0,21,0
121,12,0,0,11,0
121,13,0,0,1,0
122,1,8.230972050362574e-05,1.2270008683674336e-06,122,0.008230972
122,2,7.846860021345654e-05,3.0797477372568972e-06,112,0.00784686
122,3,7.956606315350489e-05,2.4540017367348727e-06,102,0.007956606
122,4,7.462747992328735e-05,5.446004340816897e-06,92,0.007462748
122,5,0.000101515,1.9400587175143226e-06,82,0.010151532
122,6,0.000157486,6.720560537026547e-07,72,0.015748593
122,7,0.000245283,5.922742215531836e-06,62,0.024528297
122,8,0.000331983,7.711580880314287e-06,52,0.033198254
122,9,0.000825292,8.111208937244255e-06,42,0.082529213
122,10,0.001549069,5.922742215542508e-06,32,0.154906894
122,11,0,0,22,0
122,12,0,0,12,0
122,13,0,0,2,0
123,1,8.011479462352906e-05,1.0265825790856334e-06,123,0.008011479
123,2,7.846860021345654e-05,3.8411202901692e-06,113,0.00784686
123,3,7.846860021345654e-05,1.6461944100725148e-06,103,0.00784686
123,4,7.298128551321483e-05,5.103497679617169e-06,93,0.007298129
123,5,0.000102064,1.5998134024421495e-06,83,0.010206405
123,6,0.000154194,2.016168161046734e-06,73,0.015419354
123,7,0.000239796,6.864628496828063e-06,63,0.023979565
123,8,0.000330885,8.74534055674866e-06,53,0.033088508
123,9,0.000798953,5.845986372974723e-06,43,0.079895302
123,10,0.001485965,4.3032584062418305e-06,33,0.148596482
123,11,0,0,23,0
123,12,0,0,13,0
123,13,0,0,3,0
124,1,8.066352609355323e-05,1.0974629400483407e-06,124,0.008066353
124,2,7.462747992328734e-05,3.4047892311423926e-06,114,0.007462748
124,3,7.791986874343237e-05,1.8608389509146716e-06,104,0.007791987
124,4,7.243255404319065e-05,5.528316376509323e-06,94,0.007243255
124,5,9.54792757841915e-05,2.194925880086818e-06,84,0.009547928
124,6,9.328434990409066e-05,3.470482538162941e-06,74,0.009328435
124,7,0.000228272,6.3401641301214205e-06,64,0.022827229
124,8,0.000322654,9.206595607157112e-06,54,0.03226541
124,9,0.000763285,7.279745586915726e-06,44,0.076328547
124,10,0.001422861,5.103497679614916e-06,34,0.14228607
124,11,0,0,24,0
124,12,0,0,14,0
124,13,0,0,4,0
125,1,8.066352609355323e-05,1.3989962366878538e-06,125,0.008066353
125,2,7.353001698323899e-05,3.6191326087168515e-06,115,0.007353002
125,3,7.682240580338402e-05,3.360280268416354e-06,105,0.007682241
125,4,6.914016522304563e-05,4.196988710063557e-06,95,0.006914017
125,5,9.328434990410917e-05,1.2270008683674372e-06,85,0.009328435
125,6,9.383308137413065e-05,4.013624683675442e-06,75,0.009383308
125,7,0.000217298,5.715769899328143e-06,65,0.021729766
125,8,0.000313326,1.0675612704423003e-05,55,0.031332567
125,9,0.000725972,7.290078800897301e-06,45,0.072597173
125,10,0.001351526,4.720366589407609e-06,35,0.135152561
125,11,0,0,25,0
125,12,0,0,15,0
125,13,0,0,5,0
126,1,8.011479462352906e-05,1.0265825790856323e-06,126,0.008011479
126,2,7.51762113933115e-05,2.824768131044483e-06,116,0.007517621
126,3,7.133509110314232e-05,2.877572105153829e-06,106,0.007133509
126,4,6.96888966930698e-05,4.799440207348034e-06,96,0.00696889
126,5,9.054069255398832e-05,2.2955084313525305e-06,86,0.009054069
126,6,9.328434990410649e-05,3.880117435043167e-06,76,0.009328435
126,7,0.000207969,4.106330316328689e-06,66,0.020796923
126,8,0.00029851,1.119196989349496e-05,56,0.029850992
126,9,0.00069195,7.731079219603578e-06,46,0.069195038
126,10,0.001281837,3.821472487210887e-06,36,0.128183671
126,11,0,0,26,0
126,12,0,0,16,0
126,13,0,0,6,0
127,1,7.901733168348071e-05,1.026582579085635e-06,127,0.007901733
127,2,7.243255404319065e-05,2.6882242147330857e-06,117,0.007243255
127,3,6.804270228299728e-05,2.7979924733757072e-06,107,0.00680427
127,4,7.133509110314232e-05,4.338103172721983e-06,97,0.007133509
127,5,8.395591491369826e-05,2.544363154738349e-06,87,0.008395591
127,6,9.218688696405814e-05,4.303258406250512e-06,77,0.009218689
127,7,0.000195348,4.861773211114698e-06,67,0.01953484
127,8,0.000283145,1.2938897239112137e-05,57,0.028314544
127,9,0.000655185,7.069910434255349e-06,47,0.065518538
127,10,0.001217086,3.6398727934631123e-06,37,0.12170864
127,11,0,0,27,0
127,12,0,0,17,0
127,13,0,0,7,0
128,1,7.462747992328734e-05,1.8199363967303303e-06,128,0.007462748
128,2,6.96888966930698e-05,1.8608389509146737e-06,118,0.00696889
128,3,6.749397081297311e-05,1.8608389509146718e-06,108,0.006749397
128,4,6.914016522304563e-05,3.404789231142393e-06,98,0.006914017
128,5,8.011479462352906e-05,3.7216779018293406e-06,88,0.008011479
128,6,8.999196108394562e-05,4.013624683661192e-06,78,0.008999196
128,7,0.000183825,4.908003473471566e-06,68,0.018382504
128,8,0.000267232,1.3118010835119337e-05,58,0.026723223
128,9,0.000615677,6.352026000429941e-06,48,0.061567671
128,10,0.0011463,5.446004340814766e-06,38,0.114630004
128,11,0,0,28,0
128,12,0,0,18,0
128,13,0,0,8,0
129,1,7.462747992328734e-05,1.8199363967303303e-06,129,0.007462748
129,2,6.749397081297311e-05,2.3918650249758833e-06,119,0.006749397
129,3,6.58477764029006e-05,2.877572105153824e-06,109,0.006584778
129,4,7.078635963311815e-05,3.4047892311423956e-06,99,0.007078636
129,5,7.791986874343237e-05,3.841120290169202e-06,89,0.007791987
129,6,8.99919610839498e-05,3.4047892311302483e-06,79,0.008999196
129,7,0.000175045,5.014216777051425e-06,69,0.017504534
129,8,0.000255709,1.3339931771978707e-05,59,0.025570887
129,9,0.000581655,5.48731470025e-06,49,0.058165536
129,10,0.001082647,5.103497679625673e-06,39,0.108264719
129,11,0,0,29,0
129,12,0,0,19,0
129,13,0,0,9,0
130,1,7.462747992328734e-05,1.8199363967303303e-06,130,0.007462748
130,2,6.58477764029006e-05,2.6028619036331915e-06,120,0.006584778
130,3,6.420158199282808e-05,3.3151737897300998e-06,110,0.006420158
130,4,7.188382257316647e-05,3.1760130002140676e-06,100,0.007188382
130,5,7.737113727340819e-05,4.541561019555923e-06,90,0.007737114
130,6,8.944322961393997e-05,2.9550094009413474e-06,80,0.008944323
130,7,0.000170655,5.014216777051431e-06,70,0.017065549
130,8,0.000244734,1.2644659193093782e-05,60,0.024473424
130,9,0.000560804,5.528316376513456e-06,50,0.056080356
130,10,0.001030518,5.103497679625667e-06,40,0.10305177
130,11,0,0,30,0
130,12,0,0,20,0
130,13,0,0,10,0
130,14,0,0,0,0
131,1,7.462747992328734e-05,1.8199363967303303e-06,131,0.007462748
131,2,6.475031346285225e-05,2.391865024975884e-06,121,0.006475031
131,3,6.420158199282808e-05,3.3151737897300998e-06,111,0.006420158
131,4,7.188382257316647e-05,5.014216777052338e-06,101,0.007188382
131,5,7.51762113933115e-05,4.639945600212845e-06,91,0.007517621
131,6,8.779703520386745e-05,3.360280268416354e-06,81,0.008779704
131,7,0.000165168,4.106330316330688e-06,71,0.016516817
131,8,0.000240893,1.2909775218756831e-05,61,0.024089312
131,9,0.000542695,4.457915536313589e-06,51,0.054269542
131,10,0.000982229,3.1282506854942013e-06,41,0.098222933
131,11,0,0,31,0
131,12,0,0,21,0
131,13,0,0,11,0
131,14,0,0,1,0
132,1,7.243255404319065e-05,1.398996236687851e-06,132,0.007243255
132,2,6.529904493287642e-05,2.0161681610498173e-06,122,0.006529904
132,3,6.365285052280391e-05,3.055207523563913e-06,112,0.006365285
132,4,7.078635963311815e-05,4.372670278374002e-06,102,0.007078636
132,5,7.298128551321483e-05,4.389851760193371e-06,92,0.007298129
132,6,8.889449814390145e-05,3.6398727934482176e-06,82,0.00888945
132,7,0.000160778,3.841120290174284e-06,72,0.016077832
132,8,0.000231016,1.4424437677105785e-05,62,0.023101595
132,9,0.000526233,2.7979924733769943e-06,52,0.052623348
132,10,0.000939977,2.824768131040486e-06,42,0.093997701
132,11,0,0,32,0
132,12,0,0,22,0
132,13,0,0,12,0
132,14,0,0,2,0
133,1,7.3530016983239e-05,1.8199363967303267e-06,133,0.007353002
133,2,6.475031346285225e-05,1.8608389509146716e-06,123,0.006475031
133,3,6.58477764029006e-05,1.502763020726044e-06,113,0.006584778
133,4,7.298128551321483e-05,3.937889110810099e-06,103,0.007298129
133,5,7.133509110314232e-05,2.454001736734873e-06,93,0.007133509
133,6,8.834576667387728e-05,3.7216779018166457e-06,83,0.008834577
133,7,0.000153645,4.160962389416036e-06,73,0.015364481
133,8,0.000223334,1.4272293509476978e-05,63,0.022333371
133,9,0.000508125,4.106330316347394e-06,53,0.050812534
133,10,0.000902115,4.45791553631791e-06,43,0.090211454
133,11,0,0,33,0
133,12,0,0,23,0
133,13,0,0,13,0
133,14,0,0,3,0
134,1,7.407874845326317e-05,1.9400587175227764e-06,134,0.007407875
134,2,6.475031346285225e-05,1.8608389509146716e-06,124,0.006475031
134,3,6.475031346285225e-05,1.3989962366878538e-06,114,0.006475031
134,4,7.51762113933115e-05,3.4268269319591627e-06,104,0.007517621
134,5,7.188382257316649e-05,2.0161681610498164e-06,94,0.007188382
134,6,8.560210932377076e-05,3.61913260871685e-06,84,0.008560211
134,7,9.383308137411899e-05,2.797992473365856e-06,74,0.009383308
134,8,0.000217298,1.533505665650777e-05,64,0.021729766
134,9,0.000483432,5.088726309477385e-06,54,0.048343243
134,10,0.000860411,2.5443631547330444e-06,44,0.086041094
134,11,0,0,34,0
134,12,0,0,24,0
134,13,0,0,14,0
134,14,0,0,4,0
135,1,7.407874845326317e-05,1.9400587175227764e-06,135,0.007407875
135,2,6.639650787292477e-05,1.5998134024493453e-06,125,0.006639651
135,3,6.639650787292477e-05,1.5998134024493468e-06,115,0.006639651
135,4,7.572494286333569e-05,3.7418497455219e-06,105,0.007572494
135,5,7.078635963311815e-05,1.8199363967303262e-06,95,0.007078636
135,6,8.560210932375643e-05,4.623693551666555e-06,85,0.008560211
135,7,9.163815549403667e-05,3.315173789730098e-06,75,0.009163816
135,8,0.000209067,1.3674317769704452e-05,65,0.020906669
135,9,0.000458191,5.2057238072637e-06,55,0.045819078
135,10,0.000816512,2.824768131043417e-06,45,0.081651243
135,11,0,0,35,0
135,12,0,0,25,0
135,13,0,0,15,0
135,14,0,0,5,0
136,1,7.298128551321483e-05,1.646194410072514e-06,136,0.007298129
136,2,6.639650787292477e-05,1.5998134024493453e-06,126,0.006639651
136,3,6.804270228299728e-05,1.3441121073665446e-06,116,0.00680427
136,4,7.572494286333569e-05,2.955009400941353e-06,106,0.007572494
136,5,7.133509110314232e-05,1.9400587175227726e-06,96,0.007133509
136,6,8.450464638372243e-05,4.372670278374004e-06,86,0.008450465
136,7,9.108942402401248e-05,3.055207523563915e-06,76,0.009108942
136,8,0.000200287,1.3773050588108074e-05,66,0.020028699
136,9,0.000429657,3.534955217130378e-06,56,0.042965674
136,10,0.000763285,2.016168161057644e-06,46,0.076328547
136,11,0,0,36,0
136,12,0,0,26,0
136,13,0,0,16,0
136,14,0,0,6,0
137,1,7.078635963311815e-05,1.0265825790856349e-06,137,0.007078636
137,2,6.58477764029006e-05,1.940058717522774e-06,127,0.006584778
137,3,6.804270228299728e-05,1.5998134024493461e-06,117,0.00680427
137,4,7.791986874343237e-05,2.544363154738351e-06,107,0.007791987
137,5,7.188382257316649e-05,2.6600744943666308e-06,97,0.007188382
137,6,8.066352609355323e-05,2.9550094009413504e-06,87,0.008066353
137,7,8.669957226381911e-05,3.315173789730097e-06,77,0.008669957
137,8,0.000188215,9.083122039104722e-06,67,0.018821489
137,9,0.000385758,4.124621410510711e-06,57,0.038575822
137,10,0.000675488,4.5415610195582455e-06,47,0.067548844
137,11,0,0,37,0
137,12,0,0,27,0
137,13,0,0,17,0
137,14,0,0,7,0
138,1,6.96888966930698e-05,1.3989962366878528e-06,138,0.00696889
138,2,6.475031346285225e-05,1.8608389509146733e-06,128,0.006475031
138,3,6.914016522304562e-05,5.487314700241741e-07,118,0.006914017
138,4,8.176098903360158e-05,3.7216779018293406e-06,108,0.008176099
138,5,7.243255404319065e-05,3.079747737256898e-06,98,0.007243255
138,6,7.407874845326317e-05,3.7818706673096576e-06,88,0.007407875
138,7,7.133509110314232e-05,3.7818706673096585e-06,78,0.007133509
138,8,0.000181081,9.058225358102791e-06,68,0.018108139
138,9,0.000296864,7.97078501322519e-06,58,0.029686373
138,10,0.000448314,9.206595607161874e-06,48,0.044831361
138,11,0,0,38,0
138,12,0,0,28,0
138,13,0,0,18,0
138,14,0,0,8,0
139,1,6.914016522304562e-05,1.3441121073665433e-06,139,0.006914017
139,2,6.475031346285225e-05,2.6882242147330845e-06,129,0.006475031
139,3,6.914016522304562e-05,2.1949258800966878e-06,119,0.006914017
139,4,8.066352609355323e-05,3.741849745521896e-06,109,0.008066353
139,5,7.682240580338402e-05,4.338103172721981e-06,99,0.007682241
139,6,6.914016522304562e-05,2.3601832947051876e-06,89,0.006914017
139,7,4.44472490719579e-05,3.721677901829343e-06,79,0.004444725
139,8,0.000169009,6.973424949793651e-06,69,0.016900929
139,9,0.000134439,5.0590541830138785e-06,59,0.013443921
139,10,5.7068072882513856e-05,2.660074494366628e-06,49,0.005706807
139,11,0,0,39,0
139,12,0,0,29,0
139,13,0,0,19,0
139,14,0,0,9,0
140,1,6.96888966930698e-05,1.3989962366878528e-06,140,0.00696889
140,2,6.20066561127314e-05,1.8608389509146699e-06,130,0.006200666
140,3,6.804270228299728e-05,2.9294244224001266e-06,120,0.00680427
140,4,7.737113727340819e-05,3.5135957755539296e-06,110,0.007737114
140,5,8.066352609355323e-05,3.841120290169202e-06,100,0.008066353
140,6,6.749397081297311e-05,3.079747737256899e-06,90,0.006749397
140,7,4.225232319186122e-05,2.8247681310444834e-06,80,0.004225232
140,8,0.000158583,7.122948765357036e-06,70,0.015858339
140,9,0.000114685,3.821472487210906e-06,60,0.011468488
140,10,2.579037909113606e-05,1.3989962366878536e-06,50,0.002579038
140,11,0,0,40,0
140,12,0,0,30,0
140,13,0,0,20,0
140,14,0,0,10,0
140,15,0,0,0,0
141,1,7.023762816309397e-05,1.646194410072515e-06,141,0.007023763
141,2,6.420158199282808e-05,2.053165158171267e-06,131,0.006420158
141,3,6.96888966930698e-05,2.9550094009413516e-06,121,0.00696889
141,4,7.682240580338402e-05,3.470482538177585e-06,111,0.007682241
141,5,8.230972050362574e-05,2.2955084313525293e-06,101,0.008230972
141,6,6.529904493287643e-05,3.404789231142391e-06,91,0.006529904
141,7,3.9508665841740354e-05,2.2289577681543572e-06,81,0.003950867
141,8,0.000146511,5.595984946744169e-06,71,0.01465113
141,9,0.000100967,5.446004340805832e-06,61,0.010096659
141,10,1.2072092340531775e-05,2.391865024975883e-06,51,0.001207209
141,11,0,0,41,0
141,12,0,0,31,0
141,13,0,0,21,0
141,14,0,0,11,0
141,15,0,0,1,0
142,1,6.749397081297311e-05,1.0974629400483435e-06,142,0.006749397
142,2,6.420158199282808e-05,6.720560536832751e-07,132,0.006420158
142,3,7.078635963311815e-05,2.929424422400129e-06,122,0.007078636
142,4,7.791986874343237e-05,3.19962680489869e-06,112,0.007791987
142,5,8.285845197364991e-05,2.3601832947051833e-06,102,0.008285845
142,6,6.749397081297311e-05,2.824768131044483e-06,92,0.006749397
142,7,4.0606128781788704e-05,2.514603497590157e-06,82,0.004060613
142,8,0.000142121,3.619132608728758e-06,72,0.014212145
142,9,9.657673872422133e-05,3.8214724871893945e-06,62,0.009657674
142,10,9.328434990410917e-06,1.860838950914672e-06,52,0.000932843
142,11,0,0,42,0
142,12,0,0,32,0
142,13,0,0,22,0
142,14,0,0,12,0
142,15,0,0,2,0
143,1,6.804270228299728e-05,1.0265825790856328e-06,143,0.00680427
143,2,6.310411905277973e-05,1.2270008683674357e-06,133,0.006310412
143,3,6.804270228299728e-05,3.1760130002140676e-06,123,0.00680427
143,4,7.901733168348071e-05,3.176013000214066e-06,113,0.007901733
143,5,8.50533778537466e-05,2.2955084313525254e-06,103,0.008505338
143,6,6.749397081297311e-05,2.688224214733087e-06,93,0.006749397
143,7,4.3349786131909564e-05,1.8199363967303296e-06,83,0.004334979
143,8,0.000134988,3.821472487197264e-06,73,0.013498794
143,9,0.000100967,2.660074494359488e-06,63,0.010096659
143,10,1.316955528058012e-05,2.360183294705188e-06,53,0.001316956
143,11,0,0,43,0
143,12,0,0,33,0
143,13,0,0,23,0
143,14,0,0,13,0
143,15,0,0,3,0
144,1,6.804270228299728e-05,1.0265825790856328e-06,144,0.00680427
144,2,6.420158199282808e-05,1.0974629400483445e-06,134,0.006420158
144,3,6.914016522304562e-05,2.797992473375707e-06,124,0.006914017
144,4,7.682240580338402e-05,2.743657350120859e-06,114,0.007682241
144,5,8.615084079379495e-05,2.2289577681543534e-06,104,0.008615084
144,6,6.859143375302145e-05,2.2955084313525293e-06,94,0.006859143
144,7,4.44472490719579e-05,2.1949258800966878e-06,84,0.004444725
144,8,8.066352609355323e-05,4.303258406252826e-06,74,0.008066353
144,9,0.000102613,3.079747737250226e-06,64,0.010261278
144,10,1.701067557074932e-05,1.5998134024493447e-06,54,0.001701068
144,11,3.29238882014503e-06,1.3441121073665435e-06,44,0.000329239
144,12,0,0,34,0
144,13,0,0,24,0
144,14,0,0,14,0
144,15,0,0,4,0
145,1,6.804270228299728e-05,1.0265825790856328e-06,145,0.00680427
145,2,6.475031346285225e-05,6.72056053683274e-07,135,0.006475031
145,3,7.078635963311815e-05,3.0552075235639108e-06,125,0.007078636
145,4,7.737113727340819e-05,2.6600744943666282e-06,115,0.007737114
145,5,8.615084079379495e-05,2.688224214733084e-06,105,0.008615084
145,6,6.749397081297311e-05,2.544363154738354e-06,95,0.006749397
145,7,4.883710083215128e-05,3.6191326087168502e-06,85,0.00488371
145,8,8.230972050362573e-05,3.57729151919196e-06,75,0.008230972
145,9,0.000102613,3.315173789724626e-06,65,0.010261278
145,10,1.8108138510797667e-05,2.5443631547383524e-06,55,0.001810814
145,11,3.127769379137779e-05,3.3151737897300998e-06,45,0.003127769
145,12,0,0,35,0
145,13,0,0,25,0
145,14,0,0,15,0
145,15,0,0,5,0
146,1,6.804270228299728e-05,1.0265825790856328e-06,146,0.00680427
146,2,6.420158199282808e-05,6.720560536832737e-07,136,0.006420158
146,3,7.023762816309397e-05,2.5443631547383545e-06,126,0.007023763
146,4,7.791986874343237e-05,2.688224214733087e-06,116,0.007791987
146,5,8.505337785374661e-05,1.940058717522773e-06,106,0.008505338
146,6,6.859143375302145e-05,3.2463391561605364e-06,96,0.006859143
146,7,4.883710083215128e-05,2.51460349759016e-06,86,0.00488371
146,8,8.505337785374661e-05,3.975937232305314e-06,76,0.008505338
146,9,0.000100418,1.8608389509101755e-06,66,0.010041786
146,10,2.414418468106355e-05,4.196988710063557e-06,56,0.002414418
146,11,4.719090642207876e-05,4.4579155363087144e-06,46,0.004719091
146,12,0,0,36,0
146,13,0,0,26,0
146,14,0,0,16,0
146,15,0,0,6,0
147,1,6.639650787292477e-05,1.3441121073665458e-06,147,0.006639651
147,2,6.036046170265888e-05,1.2270008683674355e-06,137,0.006036046
147,3,7.078635963311815e-05,3.0552075235639108e-06,127,0.007078636
147,4,7.791986874343237e-05,2.688224214733087e-06,117,0.007791987
147,5,8.450464638372243e-05,2.797992473375707e-06,107,0.008450465
147,6,7.023762816309397e-05,3.19962680489869e-06,97,0.007023763
147,7,5.267822112232048e-05,3.5135957755539288e-06,87,0.005267822
147,8,8.505337785374661e-05,4.508289062178131e-06,77,0.008505338
147,9,9.767420166428401e-05,1.860838950898289e-06,67,0.00976742
147,10,2.633911056116024e-05,4.720366589410376e-06,57,0.002633911
147,11,4.993456377219962e-05,4.86177321111328e-06,47,0.004993456
147,12,0,0,37,0
147,13,0,0,27,0
147,14,0,0,17,0
147,15,0,0,7,0
148,1,6.529904493287642e-05,1.5998134024493487e-06,148,0.006529904
148,2,6.0909193172683045e-05,1.3441121073665422e-06,138,0.006090919
148,3,6.914016522304563e-05,2.929424422400131e-06,128,0.006914017
148,4,7.791986874343237e-05,2.688224214733087e-06,118,0.007791987
148,5,8.340718344367409e-05,2.3918650249758837e-06,108,0.008340718
148,6,7.023762816309397e-05,3.0797477372568964e-06,98,0.007023763
148,7,5.1580758182272137e-05,4.01362468367765e-06,88,0.005158076
148,8,8.560210932377076e-05,4.704392375782899e-06,78,0.008560211
148,9,9.493054431416733e-05,1.860838950901979e-06,68,0.009493054
148,10,2.743657350120858e-05,4.67228010709219e-06,58,0.002743657
148,11,5.59706099424655e-05,4.214886397697855e-06,48,0.005597061
148,12,0,0,38,0
148,13,0,0,28,0
148,14,0,0,18,0
148,15,0,0,8,0
149,1,6.529904493287642e-05,1.5998134024493487e-06,149,0.006529904
149,2,6.145792464270721e-05,1.097462940048342e-06,139,0.006145792
149,3,6.914016522304563e-05,2.929424422400131e-06,129,0.006914017
149,4,7.51762113933115e-05,2.688224214733087e-06,119,0.007517621
149,5,8.285845197364991e-05,2.1949258800966865e-06,109,0.008285845
149,6,7.133509110314232e-05,3.005526041452086e-06,99,0.007133509
149,7,5.2129489652296305e-05,4.672280107092189e-06,89,0.005212949
149,8,8.724830373384328e-05,4.7837300499517615e-06,79,0.00872483
149,9,9.108942402401248e-05,2.1949258800966886e-06,69,0.009108942
149,10,2.633911056116024e-05,4.639945600212843e-06,59,0.002633911
149,11,5.267822112232048e-05,3.2923888201450283e-06,49,0.005267822
149,12,0,0,39,0
149,13,0,0,29,0
149,14,0,0,19,0
149,15,0,0,9,0
150,1,6.529904493287642e-05,1.5998134024493487e-06,150,0.006529904
150,2,6.20066561127314e-05,1.097462940048342e-06,140,0.006200666
150,3,6.914016522304563e-05,2.929424422400131e-06,130,0.006914017
150,4,7.51762113933115e-05,2.688224214733087e-06,120,0.007517621
150,5,8.066352609355323e-05,2.5443631547383494e-06,110,0.008066353
150,6,7.298128551321483e-05,2.8247681310444842e-06,100,0.007298129
150,7,5.322695259234464e-05,4.474769719433622e-06,90,0.005322695
150,8,8.99919610839498e-05,4.938583230209172e-06,80,0.008999196
150,9,8.615084079379493e-05,3.079747737256892e-06,70,0.008615084
150,10,2.4692916151087726e-05,4.508289062178129e-06,60,0.002469292
150,11,4.993456377219962e-05,3.821472487203339e-06,50,0.004993456
150,12,0,0,40,0
150,13,0,0,30,0
150,14,0,0,20,0
150,15,0,0,10,0
150,16,0,0,0,0
151,1,6.529904493287642e-05,1.5998134024493487e-06,151,0.006529904
151,2,6.36528505228039e-05,1.0265825790856334e-06,141,0.006365285
151,3,6.914016522304563e-05,2.929424422400131e-06,131,0.006914017
151,4,7.572494286333569e-05,2.824768131044484e-06,121,0.007572494
151,5,8.121225756357741e-05,2.544363154738352e-06,111,0.008121226
151,6,7.243255404319065e-05,3.079747737256899e-06,101,0.007243255
151,7,5.322695259234464e-05,4.474769719433622e-06,91,0.005322695
151,8,9.108942402399813e-05,3.513595775543285e-06,81,0.009108942
151,9,8.285845197364991e-05,3.513595775553926e-06,71,0.008285845
151,10,2.359545321103938e-05,4.720366589410374e-06,61,0.002359545
151,11,4.609344348203042e-05,2.1949258800966878e-06,51,0.004609344
151,12,0,0,41,0
151,13,0,0,31,0
151,14,0,0,21,0
151,15,0,0,11,0
151,16,0,0,1,0
152,1,6.639650787292477e-05,1.3441121073665458e-06,152,0.006639651
152,2,6.145792464270721e-05,1.0974629400483418e-06,142,0.006145792
152,3,6.694523934294893e-05,2.8247681310444825e-06,132,0.006694524
152,4,7.682240580338402e-05,3.1282506855004244e-06,122,0.007682241
152,5,8.230972050362574e-05,2.8775721051538298e-06,112,0.008230972
152,6,7.188382257316647e-05,2.016168161049815e-06,102,0.007188382
152,7,5.322695259234464e-05,3.937889110810096e-06,92,0.005322695
152,8,9.328434990409066e-05,3.781870667296221e-06,82,0.009328435
152,9,7.627367433335986e-05,3.1760130002140638e-06,72,0.007627367
152,10,2.2497990270991037e-05,5.088726309476704e-06,62,0.002249799
152,11,3.841120290169201e-05,3.577291519191963e-06,52,0.00384112
152,12,0,0,42,0
152,13,0,0,32,0
152,14,0,0,22,0
152,15,0,0,12,0
152,16,0,0,2,0
153,1,6.420158199282808e-05,1.3989962366878523e-06,153,0.006420158
153,2,6.145792464270721e-05,1.097462940048342e-06,143,0.006145792
153,3,6.694523934294893e-05,2.8247681310444825e-06,133,0.006694524
153,4,7.572494286333569e-05,2.824768131044484e-06,123,0.007572494
153,5,8.230972050362574e-05,2.8775721051538298e-06,113,0.008230972
153,6,7.298128551321483e-05,1.3989962366878523e-06,103,0.007298129
153,7,5.2678221122320466e-05,4.285729785916067e-06,93,0.005267822
153,8,9.712547019426402e-05,1.3989962366765974e-06,83,0.009712547
153,9,7.243255404319065e-05,2.6882242147330853e-06,73,0.007243255
153,10,2.140052733094269e-05,5.446004340816898e-06,63,0.002140053
153,11,3.29238882014503e-05,3.880117435045544e-06,53,0.003292389
153,12,0,0,43,0
153,13,0,0,33,0
153,14,0,0,23,0
153,15,0,0,13,0
153,16,0,0,3,0
154,1,6.420158199282808e-05,1.3989962366878523e-06,154,0.006420158
154,2,6.20066561127314e-05,1.0974629400483426e-06,144,0.006200666
154,3,6.749397081297311e-05,2.6882242147330853e-06,134,0.006749397
154,4,7.682240580338402e-05,2.2955084313525263e-06,124,0.007682241
154,5,8.011479462352906e-05,2.360183294705182e-06,114,0.008011479
154,6,7.298128551321483e-05,1.3989962366878523e-06,104,0.007298129
154,7,5.377568406236882e-05,4.3032584062528275e-06,94,0.005377568
154,8,9.712547019424967e-05,2.2289577681402257e-06,84,0.009712547
154,9,4.609344348203042e-05,5.48731470024171e-07,74,0.004609344
154,10,2.4692916151087722e-05,5.948107394617163e-06,64,0.002469292
154,11,3.018023085132944e-05,3.880117435045544e-06,54,0.003018023
154,12,0,0,44,0
154,13,0,0,34,0
154,14,0,0,24,0
154,15,0,0,14,0
154,16,0,0,4,0
155,1,6.420158199282808e-05,1.3989962366878523e-06,155,0.006420158
155,2,6.20066561127314e-05,1.0974629400483426e-06,145,0.006200666
155,3,6.804270228299728e-05,2.6600744943666274e-06,135,0.00680427
155,4,7.737113727340819e-05,2.3601832947051897e-06,125,0.007737114
155,5,8.176098903360158e-05,2.194925880096688e-06,115,0.008176099
155,6,7.407874845326317e-05,8.676206345443947e-07,105,0.007407875
155,7,5.4324415532392997e-05,5.4460043408169e-06,95,0.005432442
155,8,9.602800725420133e-05,2.8775721051401417e-06,85,0.009602801
155,9,4.883710083215128e-05,1.026582579085635e-06,75,0.00488371
155,10,3.182642526140195e-05,7.789281390363941e-06,65,0.003182643
155,11,2.414418468106355e-05,2.360183294705188e-06,55,0.002414418
155,12,0,0,45,0
155,13,0,0,35,0
155,14,0,0,25,0
155,15,0,0,15,0
155,16,0,0,5,0
156,1,6.420158199282808e-05,1.3989962366878523e-06,156,0.006420158
156,2,6.255538758275556e-05,1.0265825790856315e-06,146,0.006255539
156,3,6.859143375302145e-05,2.743657350120858e-06,136,0.006859143
156,4,7.737113727340819e-05,2.3601832947051897e-06,126,0.007737114
156,5,8.285845197364991e-05,2.660074494366632e-06,116,0.008285845
156,6,7.188382257316649e-05,1.3441121073665429e-06,106,0.007188382
156,7,5.5421878472441326e-05,5.014216777052342e-06,96,0.005542188
156,8,9.65767387242255e-05,2.5146034975760645e-06,86,0.009657674
156,9,5.212948965229631e-05,1.502763020726046e-06,76,0.005212949
156,10,4.609344348203042e-05,8.949539438867248e-06,66,0.004609344
156,11,1.4267018220628464e-05,3.404789231142392e-06,56,0.001426702
156,12,0,0,46,0
156,13,0,0,36,0
156,14,0,0,26,0
156,15,0,0,16,0
156,16,0,0,6,0
157,1,6.420158199282808e-05,1.3989962366878523e-06,157,0.006420158
157,2,6.036046170265888e-05,8.676206345443963e-07,147,0.006036046
157,3,6.639650787292477e-05,2.797992473375708e-06,137,0.006639651
157,4,7.791986874343237e-05,2.5443631547383524e-06,127,0.007791987
157,5,8.450464638372243e-05,1.5998134024493457e-06,117,0.008450465
157,6,7.298128551321483e-05,1.0974629400483403e-06,107,0.007298129
157,7,6.20066561127314e-05,3.0797477372568977e-06,97,0.006200666
157,8,9.65767387242255e-05,2.194925880080543e-06,87,0.009657674
157,9,6.420158199282808e-05,3.19962680489869e-06,77,0.006420158
157,10,7.901733168348071e-05,6.098083218116057e-06,67,0.007901733
157,11,9.87716646043509e-06,3.1996268048986914e-06,57,0.000987717
157,12,0,0,47,0
157,13,0,0,37,0
157,14,0,0,27,0
157,15,0,0,17,0
157,16,0,0,7,0
158,1,6.20066561127314e-05,1.3989962366878532e-06,158,0.006200666
158,2,6.145792464270721e-05,1.0974629400483416e-06,148,0.006145792
158,3,6.694523934294893e-05,2.3918650249758837e-06,138,0.006694524
158,4,7.682240580338402e-05,1.7352412690887932e-06,128,0.007682241
158,5,8.505337785374661e-05,1.227000868367435e-06,118,0.008505338
158,6,7.462747992328734e-05,1.0265825790856304e-06,108,0.007462748
158,7,6.914016522304562e-05,2.514603497590158e-06,98,0.006914017
158,8,9.328434990410917e-05,2.295508431352524e-06,88,0.009328435
158,9,7.737113727340819e-05,4.285729785916067e-06,78,0.007737114
158,10,0.000126757,6.630347579463585e-06,68,0.012675697
158,11,8.779703520386746e-06,3.4047892311423926e-06,58,0.00087797
158,12,0,0,48,0
158,13,0,0,38,0
158,14,0,0,28,0
158,15,0,0,18,0
158,16,0,0,8,0
159,1,6.20066561127314e-05,1.3989962366878532e-06,159,0.006200666
159,2,6.20066561127314e-05,1.3989962366878534e-06,149,0.006200666
159,3,6.749397081297311e-05,2.5443631547383532e-06,139,0.006749397
159,4,7.682240580338402e-05,1.7352412690887932e-06,129,0.007682241
159,5,8.230972050362574e-05,1.2270008683674321e-06,119,0.008230972
159,6,7.682240580338402e-05,1.2270008683674362e-06,109,0.007682241
159,7,7.188382257316649e-05,2.7979924733757034e-06,99,0.007188382
159,8,9.383308137413335e-05,2.0161681610498118e-06,89,0.009383308
159,9,8.395591491369826e-05,3.7418497455218996e-06,79,0.008395591
159,10,0.000137732,7.0164711916259504e-06,69,0.01377316
159,11,7.133509110314232e-06,2.3918650249758824e-06,59,0.000713351
159,12,0,0,49,0
159,13,0,0,39,0
159,14,0,0,29,0
159,15,0,0,19,0
159,16,0,0,9,0
160,1,6.145792464270721e-05,1.3989962366878526e-06,160,0.006145792
160,2,6.255538758275558e-05,1.5998134024493457e-06,150,0.006255539
160,3,6.804270228299728e-05,2.194925880096689e-06,140,0.00680427
160,4,7.791986874343237e-05,1.8608389509146716e-06,130,0.007791987
160,5,8.230972050362574e-05,1.2270008683674321e-06,120,0.008230972
160,6,7.572494286333569e-05,1.0974629400483411e-06,110,0.007572494
160,7,7.353001698323899e-05,2.1949258800966865e-06,100,0.007353002
160,8,9.43818128441575e-05,1.8608389509146699e-06,90,0.009438181
160,9,8.450464638372243e-05,3.9187265196667255e-06,80,0.008450465
160,10,0.000139378,8.907384049342132e-06,70,0.013937779
160,11,5.4873147002417164e-06,1.5027630207260435e-06,60,0.000548731
160,12,0,0,50,0
160,13,0,0,40,0
160,14,0,0,30,0
160,15,0,0,20,0
160,16,0,0,10,0
160,17,0,0,0,0
161,1,6.145792464270721e-05,1.3989962366878526e-06,161,0.006145792
161,2,6.310411905277973e-05,1.7352412690887928e-06,151,0.006310412
161,3,6.914016522304562e-05,1.8199363967303313e-06,141,0.006914017
161,4,7.791986874343237e-05,1.646194410072515e-06,131,0.007791987
161,5,8.395591491369826e-05,1.3989962366878538e-06,121,0.008395591
161,6,7.572494286333569e-05,1.0974629400483424e-06,111,0.007572494
161,7,8.066352609355323e-05,1.0974629400483437e-06,101,0.008066353
161,8,9.163815549403667e-05,2.053165158171266e-06,91,0.009163816
161,9,9.383308137411213e-05,6.036046170256421e-06,81,0.009383308
161,10,0.000171204,4.799440207334986e-06,71,0.017120422
161,11,2.7436573501208582e-06,8.676206345443964e-07,61,0.000274366
161,12,0,0,51,0
161,13,0,0,41,0
161,14,0,0,31,0
161,15,0,0,21,0
161,16,0,0,11,0
161,17,0,0,1,0
162,1,6.0909193172683045e-05,1.5998134024493466e-06,162,0.006090919
162,2,6.529904493287643e-05,1.3441121073665446e-06,152,0.006529904
162,3,6.749397081297311e-05,1.3989962366878549e-06,142,0.006749397
162,4,7.682240580338402e-05,1.2270008683674376e-06,132,0.007682241
162,5,8.450464638372243e-05,1.026582579085633e-06,122,0.008450465
162,6,7.846860021345654e-05,2.544363154738352e-06,112,0.00784686
162,7,8.395591491369826e-05,2.053165158171266e-06,102,0.008395591
162,8,9.163815549403667e-05,1.8608389509146716e-06,92,0.009163816
162,9,0.000102613,2.3918650249643916e-06,82,0.010261278
162,10,0.000189861,2.6600744943629034e-06,72,0.018986109
162,11,4.938583230217545e-06,5.487314700241717e-07,62,0.000493858
162,12,0,0,52,0
162,13,0,0,42,0
162,14,0,0,32,0
162,15,0,0,22,0
162,16,0,0,12,0
162,17,0,0,2,0
163,1,6.255538758275556e-05,1.0265825790856338e-06,163,0.006255539
163,2,6.310411905277973e-05,1.502763020726043e-06,153,0.006310412
163,3,6.914016522304563e-05,1.5998134024493457e-06,143,0.006914017
163,4,7.627367433335987e-05,1.5998134024493464e-06,133,0.007627367
163,5,8.285845197364991e-05,1.3441121073665412e-06,123,0.008285845
163,6,7.791986874343237e-05,1.8608389509146699e-06,113,0.007791987
163,7,8.285845197364991e-05,2.016168161049814e-06,103,0.008285845
163,8,9.163815549403667e-05,1.3989962366878515e-06,93,0.009163816
163,9,0.000104259,1.940058717522043e-06,83,0.010425898
163,10,0.000183276,2.6600744943629114e-06,73,0.018327631
163,11,5.4873147002417164e-06,8.676206345443963e-07,63,0.000548731
163,12,0,0,53,0
163,13,0,0,43,0
163,14,0,0,33,0
163,15,0,0,23,0
163,16,0,0,13,0
163,17,0,0,3,0
164,1,5.9262998762610535e-05,1.0974629400483422e-06,164,0.0059263
164,2,6.310411905277973e-05,1.502763020726043e-06,154,0.006310412
164,3,6.914016522304563e-05,1.5998134024493457e-06,144,0.006914017
164,4,7.627367433335987e-05,2.1949258800966886e-06,134,0.007627367
164,5,8.285845197364991e-05,1.3441121073665412e-06,124,0.008285845
164,6,7.682240580338402e-05,2.1252278449435297e-06,114,0.007682241
164,7,8.230972050362574e-05,2.6028619036331902e-06,104,0.008230972
164,8,9.273561843408499e-05,1.0265825790856309e-06,94,0.009273562
164,9,0.000101515,1.2270008683467336e-06,84,0.010151532
164,10,0.0001081,1.6461944100833318e-06,74,0.01081001
164,11,1.316955528058012e-05,1.8199363967303292e-06,64,0.001316956
164,12,0,0,54,0
164,13,0,0,44,0
164,14,0,0,34,0
164,15,0,0,24,0
164,16,0,0,14,0
164,17,0,0,4,0
165,1,5.98117302326347e-05,1.026582579085632e-06,165,0.005981173
165,2,6.36528505228039e-05,1.5998134024493447e-06,155,0.006365285
165,3,7.023762816309397e-05,1.0974629400483447e-06,145,0.007023763
165,4,7.627367433335987e-05,2.1949258800966886e-06,135,0.007627367
165,5,8.285845197364991e-05,1.026582579085631e-06,125,0.008285845
165,6,7.737113727340819e-05,2.1949258800966856e-06,115,0.007737114
165,7,8.450464638372243e-05,2.3601832947051876e-06,105,0.008450465
165,8,9.054069255398832e-05,1.502763020726045e-06,95,0.009054069
165,9,0.000103162,6.72056053678165e-07,85,0.010316152
165,10,0.000109198,2.1949258801024997e-06,75,0.010919756
165,11,1.8656869980821835e-05,2.5146034975901566e-06,65,0.001865687
165,12,0,0,55,0
165,13,0,0,45,0
165,14,0,0,35,0
165,15,0,0,25,0
165,16,0,0,15,0
165,17,0,0,5,0
166,1,5.98117302326347e-05,1.026582579085632e-06,166,0.005981173
166,2,6.36528505228039e-05,1.8199363967303288e-06,156,0.006365285
166,3,7.023762816309397e-05,1.0974629400483447e-06,146,0.007023763
166,4,7.627367433335987e-05,2.1949258800966886e-06,136,0.007627367
166,5,8.285845197364991e-05,1.026582579085631e-06,126,0.008285845
166,6,7.572494286333569e-05,1.8608389509146712e-06,116,0.007572494
166,7,8.340718344367409e-05,2.5443631547383515e-06,106,0.008340718
166,8,8.999196108396415e-05,1.8199363967303296e-06,96,0.008999196
166,9,0.000102613,6.720560536781647e-07,86,0.010261278
166,10,0.000109746,2.602861903629215e-06,76,0.010974629
166,11,1.8108138510797663e-05,2.5443631547383515e-06,66,0.001810814
166,12,0,0,56,0
166,13,0,0,46,0
166,14,0,0,36,0
166,15,0,0,26,0
166,16,0,0,16,0
166,17,0,0,6,0
167,1,6.036046170265888e-05,1.227000868367436e-06,167,0.006036046
167,2,6.420158199282808e-05,1.8608389509146724e-06,157,0.006420158
167,3,6.749397081297311e-05,1.0974629400483443e-06,147,0.006749397
167,4,7.353001698323899e-05,2.194925880096685e-06,137,0.007353002
167,5,8.230972050362573e-05,1.5027630207260431e-06,127,0.008230972
167,6,7.682240580338402e-05,1.9400587175227713e-06,117,0.007682241
167,7,8.395591491369826e-05,2.053165158171266e-06,107,0.008395591
167,8,9.108942402401248e-05,1.3441121073665448e-06,97,0.009108942
167,9,0.000102064,1.0265825790696717e-06,87,0.010206405
167,10,0.000109746,2.602861903629215e-06,77,0.010974629
167,11,5.103202671224796e-05,3.8411202901692025e-06,67,0.005103203
167,12,3.6216277021595326e-05,4.704392375782903e-06,57,0.003621628
167,13,7.956606315350489e-05,6.256501371000846e-06,47,0.007956606
167,14,0,0,37,0
167,15,0.000104259,6.4344468372688865e-06,27,0.010425898
167,16,0,0,17,0
167,17,0,0,7,0