Timestep,ReleaseNumber,Mean_Relative_Abundance_Inside,Std_Error_Relative_Abundance_Inside,Aligned_Timestep,%
0,1,1,0,0,100
1,1,0.8361048845331804,0,1,83.61048845
2,1,0.6990729181813942,0,2,69.90729182
3,1,0.5844977872403472,0,3,58.44977872
4,1,0.48870299086087743,0,4,48.87029909
5,1,0.4086074018387992,0,5,40.86074018
6,1,0.3416374695796991,0,6,34.16374696
7,1,0.2856449103784326,0,7,28.56449104
8,1,0.23882988501332042,0,8,23.8829885
9,1,0.1996861255991461,0,9,19.96861256
10,1,0.1669597807269045,0,10,16.69597807
10,2,1,0,0,100
11,1,0.1395945423167991,0,11,13.95945423
11,2,0.8361048845331804,0,1,83.61048845
12,1,0.11671518367414131,0,12,11.67151837
12,2,0.6990729181813942,0,2,69.90729182
13,1,0.097586405,0,13,9.758640463
13,2,0.5844977872403472,0,3,58.44977872
14,1,0.081593626,0,14,8.159362594
14,2,0.48870299086087743,0,4,48.87029909
15,1,0.06822104,0,15,6.822104001
15,2,0.4086074018387992,0,5,40.86074018
16,1,0.057037893,0,16,5.703789265
16,2,0.3416374695796991,0,6,34.16374696
17,1,0.047690252,0,17,4.769025206
17,2,0.2856449103784326,0,7,28.56449104
18,1,0.039873572,0,18,3.987357227
18,2,0.23882988501332042,0,8,23.8829885
19,1,0.03333818,0,19,3.333818046
19,2,0.1996861255991461,0,9,19.96861256
20,1,0.027875559,0,20,2.787555868
20,2,0.1669597807269045,0,10,16.69597807
20,3,1,0,0,100
21,1,0.023304626,0,21,2.330462553
21,2,0.1395945423167991,0,11,13.95945423
21,3,0.8361048845331804,0,1,83.61048845
22,1,0.019485455,0,22,1.94854545
22,2,0.11671518367414131,0,12,11.67151837
22,3,0.6990729181813942,0,2,69.90729182
23,1,0.016291837,0,23,1.629183735
23,2,0.097586405,0,13,9.758640463
23,3,0.5844977872403472,0,3,58.44977872
24,1,0.013622259,0,24,1.362225874
24,2,0.081593626,0,14,8.159362594
24,3,0.48870299086087743,0,4,48.87029909
25,1,0.011388922,0,25,1.138892166
25,2,0.06822104,0,15,6.822104001
25,3,0.4086074018387992,0,5,40.86074018
26,1,0.009523235,0,26,0.952323466
26,2,0.057037893,0,16,5.703789265
26,3,0.3416374695796991,0,6,34.16374696
27,1,0.007955509,1.6461944100833714e-06,27,0.795550885
27,2,0.047690252,0,17,4.769025206
27,3,0.2856449103784326,0,7,28.56449104
28,1,0.001941961,2.360183294700036e-06,28,0.194196067
28,2,0.039873572,0,18,3.987357227
28,3,0.23882988501332042,0,8,23.8829885
29,1,0.001685703,1.1431539798675518e-05,29,0.168570308
29,2,0.03333818,0,19,3.333818046
29,3,0.1996861255991461,0,9,19.96861256
30,1,0.001460174,1.3283382421289637e-05,30,0.146017444
30,2,0.027875559,0,20,2.787555868
30,3,0.1669597807269045,0,10,16.69597807
30,4,1,0,0,100
31,1,0.001260985,1.543779705895417e-05,31,0.126098492
31,2,0.023304626,0,21,2.330462553
31,3,0.1395945423167991,0,11,13.95945423
31,4,0.8361048845331804,0,1,83.61048845
32,1,0.001178126,1.6837206180446216e-05,32,0.117812647
32,2,0.019485455,0,22,1.94854545
32,3,0.11671518367414131,0,12,11.67151837
32,4,0.6990729181813942,0,2,69.90729182
33,1,0.001255498,1.1529891537442524e-05,33,0.12554976
33,2,0.016291837,0,23,1.629183735
33,3,0.097586405,0,13,9.758640463
33,4,0.5844977872403472,0,3,58.44977872
34,1,0.00121983,1.3898188518797337e-05,34,0.121983006
34,2,0.013622259,0,24,1.362225874
34,3,0.081593626,0,14,8.159362594
34,4,0.48870299086087743,0,4,48.87029909
35,1,0.001157275,1.2792624200566273e-05,35,0.115727467
35,2,0.011388922,0,25,1.138892166
35,3,0.06822104,0,15,6.822104001
35,4,0.4086074018387992,0,5,40.86074018
36,1,0.001163859,9.792973656823143e-06,36,0.116385945
36,2,0.009523235,0,26,0.952323466
36,3,0.057037893,0,16,5.703789265
36,4,0.3416374695796991,0,6,34.16374696
37,1,0.001167152,3.937889110799657e-06,37,0.116715184
37,2,0.007962094,0,27,0.796209363
37,3,0.047690252,0,17,4.769025206
37,4,0.2856449103784326,0,7,28.56449104
38,1,0.001149044,2.797992473373083e-06,38,0.11490437
38,2,0.001961715,0,28,0.196171501
38,3,0.039873572,0,18,3.987357227
38,4,0.23882988501332042,0,8,23.8829885
39,1,0.000904858,8.111208937237478e-06,39,0.090485819
39,2,0.00186459,6.720560536780988e-07,29,0.186458954
39,3,0.03333818,0,19,3.333818046
39,4,0.1996861255991461,0,9,19.96861256
40,1,0.000705669,9.945521369187525e-06,40,0.070566867
40,2,0.001774049,6.720560536781692e-07,30,0.177404884
40,3,0.027875559,0,20,2.787555868
40,4,0.1669597807269045,0,10,16.69597807
40,5,1,0,0,100
41,1,0.000477396,1.227000868358112e-06,41,0.047739638
41,2,0.001643451,2.8775721051510003e-06,31,0.164345075
41,3,0.023304626,0,21,2.330462553
41,4,0.1395945423167991,0,11,13.95945423
41,5,0.8361048845331804,0,1,83.61048845
42,1,0.000195897,7.186078053594813e-06,42,0.019589713
42,2,0.001287873,1.381670537455343e-05,32,0.128787276
42,3,0.019484357,6.720560536777179e-07,22,1.948435704
42,4,0.11671518367414131,0,12,11.67151837
42,5,0.6990729181813942,0,2,69.90729182
43,1,0.000139927,5.948107394629602e-06,43,0.013992652
43,2,0.001134228,1.5315408914085096e-05,33,0.113422795
43,3,0.016290191150607543,6.720560536781544e-07,23,1.629019115
43,4,0.097586405,0,13,9.758640463
43,5,0.5844977872403472,0,3,58.44977872
44,1,0.000117429,8.017866255589217e-06,44,0.011742853
44,2,0.001066185,1.587058153351709e-05,34,0.106618525
44,3,0.013620613,6.720560536779125e-07,24,1.362061255
44,4,0.081593626,0,14,8.159362594
44,5,0.48870299086087743,0,4,48.87029909
45,1,0.000122367,7.027191551120032e-06,45,0.012236712
45,2,0.001042041,1.4450507529713034e-05,35,0.104204106
45,3,0.011387275465941541,6.720560536781486e-07,25,1.138727547
45,4,0.06822104,0,15,6.822104001
45,5,0.4086074018387992,0,5,40.86074018
46,1,0.00012127,3.6191326087242122e-06,46,0.012126965
46,2,0.001016251,1.719115356833063e-05,36,0.101625068
46,3,0.009521588,6.720560536779125e-07,26,0.952158847
46,4,0.057037893,0,16,5.703789265
46,5,0.3416374695796991,0,6,34.16374696
47,1,0.000106454,2.3601832946998907e-06,47,0.010645391
47,2,0.000970706,1.787382740189562e-05,37,0.097070597
47,3,0.007960996,6.720560536784967e-07,27,0.796099617
47,4,0.047690252,0,17,4.769025206
47,5,0.2856449103784326,0,7,28.56449104
48,1,8.615084079379495e-05,2.9550094009413482e-06,48,0.008615084
48,2,0.000935038,1.4657397190161544e-05,38,0.093503842
48,3,0.001961166,5.487314700399594e-07,28,0.196116627
48,4,0.039873572,0,18,3.987357227
48,5,0.23882988501332042,0,8,23.8829885
49,1,0.000359419,1.2513002742003045e-05,49,0.035941911
49,2,0.001087586,5.029206995196649e-06,39,0.108758577
49,3,0.001865687,0,29,0.1865687
49,4,0.03333818,0,19,3.333818046
49,5,0.1996861255991461,0,9,19.96861256
50,1,0.000426364,6.5273678467419416e-06,50,0.042636435
50,2,0.001065088,3.1760130002097896e-06,40,0.106508778
50,3,0.001772951,1.0265825790778193e-06,30,0.177295138
50,4,0.027875559,0,20,2.787555868
50,5,0.1669597807269045,0,10,16.69597807
50,6,1,0,0,100
51,1,0.000427462,3.821472487202994e-06,51,0.042746182
51,2,0.000926259,4.953802320926017e-06,41,0.092625872
51,3,0.00160504,9.016578124354646e-06,31,0.160503955
51,4,0.023304626,0,21,2.330462553
51,5,0.1395945423167991,0,11,13.95945423
51,6,0.8361048845331804,0,1,83.61048845
52,1,0.000417036,6.1960506647229134e-06,52,0.041703592
52,2,0.000869191,6.5733357938579656e-06,42,0.086919065
52,3,0.00147499,1.0433115583046242e-05,32,0.147499019
52,4,0.019485455,0,22,1.94854545
52,5,0.11671518367414131,0,12,11.67151837
52,6,0.6990729181813942,0,2,69.90729182
53,1,0.000398928,4.1246214105100475e-06,53,0.039892778
53,2,0.000393989,7.543810492780047e-06,43,0.03939892
53,3,0.000583302,1.6521283062932773e-05,33,0.058330155
53,4,0.016291288613547582,5.487314700202729e-07,23,1.629128861
53,5,0.097586405,0,13,9.758640463
53,6,0.5844977872403472,0,3,58.44977872
54,1,0.000364358,8.562672834955001e-06,54,0.03643577
54,2,0.000284243,8.527435348680818e-06,44,0.02842429
54,3,0.000333629,7.493751476091641e-06,34,0.033362873
54,4,0.013621710011879978,5.487314700198826e-07,24,1.362171001
54,5,0.081593626,0,14,8.159362594
54,6,0.48870299086087743,0,4,48.87029909
55,1,0.00029412,8.385004699853977e-06,55,0.029412007
55,2,0.000223334,7.493751476087619e-06,45,0.022333371
55,3,0.000253514,8.438697914677836e-06,35,0.025351394
55,4,0.011269847,6.1717045954750995e-06,25,1.126984693
55,5,0.06822104,0,15,6.822104001
55,6,0.4086074018387992,0,5,40.86074018
56,1,0.000232662,1.1877216297282926e-05,56,0.023266214
56,2,0.000170107,8.676206345436502e-06,46,0.017010676
56,3,0.000211262,6.492678312322423e-06,36,0.021126162
56,4,0.009100163,1.2003304929647428e-05,26,0.91001627
56,5,0.057037893,0,16,5.703789265
56,6,0.3416374695796991,0,6,34.16374696
57,1,0.000133342,6.171704595466299e-06,57,0.013334175
57,2,9.328434990409066e-05,4.160962389412388e-06,47,0.009328435
57,3,0.000206872,4.6399456002165944e-06,37,0.020687176
57,4,0.007618039,7.980223483113429e-06,27,0.7618039
57,5,0.047690252,0,17,4.769025206
57,6,0.2856449103784326,0,7,28.56449104
58,1,0.000111941,6.220301444947779e-06,58,0.011194122
58,2,9.108942402401248e-05,3.721677901829342e-06,48,0.009108942
58,3,0.000235955,5.884489443643529e-06,38,0.023595453
58,4,0.001923304,3.681002605092965e-06,28,0.19233038
58,5,0.039873572,0,18,3.987357227
58,6,0.23882988501332042,0,8,23.8829885
59,1,0.00011688,6.698121206954549e-06,59,0.01168798
59,2,0.000109198,4.861773211108371e-06,49,0.010919756
59,3,0.000249673,1.030242421634932e-05,39,0.024967282
59,4,0.001849225,3.781870667317158e-06,29,0.184922505
59,5,0.03333818,0,19,3.333818046
59,6,0.1996861255991461,0,9,19.96861256
60,1,0.000126757,1.0206995359226633e-05,60,0.012675697
60,2,0.000302351,1.3535994187324746e-05,50,0.030235104
60,3,0.00069195,1.3198104100736875e-05,40,0.069195038
60,4,0.001766915,1.2270008683581273e-06,30,0.176691533
60,5,0.027875559,0,20,2.787555868
60,6,0.1669597807269045,0,10,16.69597807
60,7,1,0,0,100
61,1,0.000172302,8.111208937246274e-06,61,0.017230168
61,2,0.00047575,4.799440207351007e-06,51,0.047575018
61,3,0.000971803,3.8214724871972905e-06,41,0.097180343
61,4,0.001681313,1.344112107380865e-06,31,0.168131322
61,5,0.023304626,0,21,2.330462553
61,6,0.1395945423167991,0,11,13.95945423
61,7,0.8361048845331804,0,1,83.61048845
62,1,0.000187117,3.2923888201433367e-06,62,0.018711743
62,2,0.000468068,4.639945600214817e-06,52,0.046806794
62,3,0.00092132,5.5825168527374515e-06,42,0.092132014
62,4,0.001597906,2.688224214743243e-06,32,0.159790604
62,5,0.019485455,0,22,1.94854545
62,6,0.11671518367414131,0,12,11.67151837
62,7,0.6990729181813942,0,2,69.90729182
63,1,0.00018163,3.6191326087075337e-06,63,0.018163012
63,2,0.000445021,6.340164130134842e-06,53,0.044502122
63,3,0.000868642,3.3151737897247575e-06,43,0.086864192
63,4,0.001471149,3.6191326087105703e-06,33,0.147114907
63,5,0.016237513,4.8617732111108115e-06,23,1.623751293
63,6,0.097586405,0,13,9.758640463
63,7,0.5844977872403472,0,3,58.44977872
64,1,0.00017285,5.05905418300032e-06,64,0.017285041
64,2,0.000401123,5.5146830231326435e-06,54,0.04011227
64,3,0.000772614,5.390431413881474e-06,44,0.077261391
64,4,0.001250559,3.82147248721235e-06,34,0.125055902
64,5,0.013279850306054919,6.573335793863567e-06,24,1.327985031
64,6,0.081593626,0,14,8.159362594
64,7,0.48870299086087743,0,4,48.87029909
65,1,0.000136085,4.55810592323234e-06,65,0.01360854
65,2,0.000351188,7.463554906745381e-06,55,0.035118814
65,3,0.000683171,3.1282506854941763e-06,45,0.068317068
65,4,0.001128192,7.016471191618891e-06,35,0.11281919
65,5,0.010852811,2.4959743227796645e-05,25,1.085281101
65,6,0.06822104,0,15,6.822104001
65,7,0.4086074018387992,0,5,40.86074018
66,1,0.000107003,3.975937232305443e-06,66,0.010700264
66,2,0.000313326,7.970785013216586e-06,56,0.031332567
66,3,0.000611836,5.4873147002299884e-06,46,0.061183559
66,4,0.000624456,1.6338013022448244e-05,36,0.062445641
66,5,0.004783841,2.9417329825878462e-05,26,0.478384096
66,6,0.057036795188722456,6.720560536790987e-07,16,5.703679519
66,7,0.3416374695796991,0,6,34.16374696
67,1,8.779703520386745e-05,3.128250685500421e-06,67,0.008779704
67,2,0.000280951,6.9734249498086e-06,57,0.028095051
67,3,0.0005405,3.6810026050966765e-06,47,0.05405005
67,4,0.000235406,1.2034620675363328e-05,37,0.02354058
67,5,0.002568612,2.9067233626596806e-05,27,0.256861201
67,6,0.04768696,1.0265825790776512e-06,17,4.768695967
67,7,0.2856449103784326,0,7,28.56449104
68,1,8.066352609355323e-05,1.8608389509146699e-06,68,0.008066353
68,2,0.000256258,7.080549884123733e-06,58,0.02562576
68,3,0.000500443,6.352026000429101e-06,48,0.05004431
68,4,0.000127306,6.8646284968256694e-06,38,0.01273057
68,5,0.000494956,1.342991546849026e-05,28,0.049495579
68,6,0.0398615,1.0974629400406325e-06,18,3.986150018
68,7,0.23882988501332042,0,8,23.8829885
69,1,7.133509110314232e-05,4.069501497815041e-06,69,0.007133509
69,2,0.000239247,7.533825299133683e-06,59,0.023924692
69,3,0.000468068,6.527367846728508e-06,49,0.046806794
69,4,9.712547019425716e-05,4.953802320925669e-06,39,0.009712547
69,5,0.000437888,1.043311558306174e-05,29,0.043788771
69,6,0.032899195,1.59273976395674e-05,19,3.289919529
69,7,0.1996861255991461,0,9,19.96861256
70,1,6.694523934294893e-05,2.9550094009413533e-06,70,0.006694524
70,2,0.000229918,7.4332356687190815e-06,60,0.022991849
70,3,0.000443924,7.122948765347409e-06,50,0.044392376
70,4,0.000113587,6.110415047132679e-06,40,0.011358741
70,5,0.000451606,1.3569320444236762e-05,30,0.0451606
70,6,0.02776252,4.106330316328713e-06,20,2.776251999
70,7,0.1669597807269045,0,10,16.69597807
70,8,1,0,0,100
71,1,6.36528505228039e-05,2.1949258800966865e-06,71,0.006365285
71,2,0.000204128,7.740809971372368e-06,61,0.020412811
71,3,0.000393989,1.1398567304850144e-05,51,0.03939892
71,4,0.000137732,8.94953943886482e-06,41,0.01377316
71,5,0.000493858,1.6890771128628463e-05,31,0.049385832
71,6,0.023298589,1.3441121073568164e-06,21,2.329858949
71,7,0.1395945423167991,0,11,13.95945423
71,8,0.8361048845331804,0,1,83.61048845
72,1,5.9262998762610535e-05,1.8608389509146684e-06,72,0.0059263
72,2,0.000117429,1.0497851150944423e-05,62,0.011742853
72,3,0.000234308,1.326069515892118e-05,52,0.023430834
72,4,0.000179435,1.0214367693423656e-05,42,0.017943519
72,5,0.000539952,1.429337519528977e-05,32,0.053995177
72,6,0.019484906,5.487314700192681e-07,22,1.948490577
72,7,0.11671518367414131,0,12,11.67151837
72,8,0.6990729181813942,0,2,69.90729182
73,1,5.816553582256219e-05,1.8199363967303269e-06,73,0.005816554
73,2,9.657673872424561e-05,1.1555977298232231e-05,63,0.009657674
73,3,0.000170655,1.2373864231517715e-05,53,0.017065549
73,4,0.000177789,9.638011764936535e-06,43,0.0177789
73,5,0.000516356,9.598880414701979e-06,33,0.051635631
73,6,0.016291837,0,23,1.629183735
73,7,0.097586405,0,13,9.758640463
73,8,0.5844977872403472,0,3,58.44977872
74,1,3.6216277021595326e-05,3.292388820145029e-06,74,0.003621628
74,2,6.694523934294893e-05,8.438697914672092e-06,64,0.006694524
74,3,0.000106454,1.1653278852478165e-05,54,0.010645391
74,4,0.000196995,9.520135192556694e-06,44,0.01969946
74,5,0.000491663,8.429772795397041e-06,34,0.04916634
74,6,0.013600309,3.12825068549423e-06,24,1.360030948
74,7,0.081593626,0,14,8.159362594
74,8,0.48870299086087743,0,4,48.87029909
75,1,3.7862471431667844e-05,2.6600744943666295e-06,75,0.003786247
75,2,4.82883693621271e-05,5.320148988733257e-06,65,0.004828837
75,3,7.133509110314232e-05,7.951874464610627e-06,55,0.007133509
75,4,0.000238149,6.457802437981515e-06,45,0.023814946
75,5,0.000485079,9.440733178814664e-06,35,0.048507862
75,6,0.010569666,1.6384022724988023e-05,25,1.056966558
75,7,0.06822104,0,15,6.822104001
75,8,0.4086074018387992,0,5,40.86074018
76,1,3.9508665841740354e-05,2.391865024975882e-06,76,0.003950867
76,2,5.4324415532392997e-05,4.541561019555926e-06,66,0.005432442
76,3,8.450464638370808e-05,6.85365386390942e-06,56,0.008450465
76,4,0.000415938,1.1724120105910916e-05,46,0.041593845
76,5,0.000775906,9.400780679714935e-06,36,0.07759063
76,6,0.007979653,1.7278507553379716e-05,26,0.797965304
76,7,0.057037893,0,16,5.703789265
76,8,0.3416374695796991,0,6,34.16374696
77,1,3.786247143166784e-05,4.196988710063558e-06,77,0.003786247
77,2,7.407874845326317e-05,4.984101088569361e-06,67,0.007407875
77,3,0.000132793,9.124465548339446e-06,57,0.013279302
77,4,0.000439534,1.305473569346751e-05,47,0.043953391
77,5,0.000829682,1.658948735622436e-05,37,0.082968198
77,6,0.006178168,3.137141533814104e-05,27,0.617816762
77,7,0.047620563,2.228957768156832e-06,17,4.762056316
77,8,0.2856449103784326,0,7,28.56449104
78,1,3.566754555157115e-05,4.338103172721982e-06,78,0.003566755
78,2,8.395591491368723e-05,8.788273267191422e-06,68,0.008395591
78,3,0.000142121,7.1229487653547245e-06,58,0.014212145
78,4,0.000383015,8.393977420121474e-06,48,0.038301457
78,5,0.0006058,9.638011764947349e-06,38,0.060579954
78,6,0.000266683,1.2584986093685146e-05,28,0.026668349
78,7,0.036297489,4.869972474895022e-05,18,3.629748928
78,8,0.23882988501332042,0,8,23.8829885
79,1,3.6216277021595326e-05,4.704392375782901e-06,79,0.003621628
79,2,7.407874845326317e-05,7.90440016291175e-06,69,0.007407875
79,3,0.000132793,1.1332334511134849e-05,59,0.013279302
79,4,0.000330336,1.1299072524171442e-05,49,0.033033634
79,5,0.000490017,9.2065956071595e-06,39,0.04900172
79,6,9.76742016642763e-05,7.6429449743911e-06,29,0.00976742
79,7,0.0292419,5.7923018959451624e-05,19,2.924190004
79,8,0.1996861255991461,0,9,19.96861256
80,1,3.018023085132944e-05,4.06950149781504e-06,80,0.003018023
80,2,6.475031346285225e-05,6.641691210644404e-06,70,0.006475031
80,3,0.000118526,1.074589399472029e-05,60,0.0118526
80,4,0.000146511,3.1996268048949454e-06,50,0.01465113
80,5,0.000193153,2.824768131040493e-06,40,0.019315348
80,6,5.4324415532392997e-05,7.0164711916222e-06,30,0.005432442
80,7,0.020997209700474882,5.355405497725623e-05,20,2.09972097
80,8,0.1669597807269045,0,10,16.69597807
80,9,1,0,0,100
81,1,2.798530497123275e-05,3.176013000214069e-06,81,0.00279853
81,2,4.993456377219962e-05,3.918726519666729e-06,71,0.004993456
81,3,9.108942402399397e-05,3.5135957755365773e-06,61,0.009108942
81,4,6.914016522304563e-05,5.234564603072047e-06,51,0.006914017
81,5,8.615084079379226e-05,5.92274221553466e-06,41,0.008615084
81,6,2.4692916151087726e-05,3.577291519191965e-06,31,0.002469292
81,7,0.01653712,6.259268057955398e-05,21,1.653712031
81,8,0.1395945423167991,0,11,13.95945423
81,9,0.8361048845331804,0,1,83.61048845
82,1,2.4144184681063554e-05,3.29238882014503e-06,82,0.002414418
82,2,3.566754555157116e-05,6.9949811834392645e-06,72,0.003566755
82,3,6.0909193172683045e-05,1.0265825790856306e-06,62,0.006090919
82,4,5.8714267292586374e-05,5.528316376509321e-06,52,0.005871427
82,5,8.450464638370809e-05,4.457915536295026e-06,42,0.008450465
82,6,4.4995980541982074e-05,7.593539511737667e-06,32,0.004499598
82,7,0.014816298,6.878541041030126e-05,22,1.481629842
82,8,0.11671518367414131,0,12,11.67151837
82,9,0.6990729181813942,0,2,69.90729182
83,1,2.359545321103938e-05,3.5349552171262173e-06,83,0.002359545
83,2,3.7313739961643676e-05,4.799440207348037e-06,73,0.003731374
83,3,6.090919317268305e-05,2.3601832947051846e-06,63,0.006090919
83,4,5.816553582256219e-05,5.305980790506319e-06,53,0.005816554
83,5,8.230972050362574e-05,4.1609623894246e-06,43,0.008230972
83,6,6.639650787292477e-05,8.157479757196479e-06,33,0.006639651
83,7,0.012708072,5.409529424336273e-05,23,1.270807211
83,8,0.097586405,0,13,9.758640463
83,9,0.5844977872403472,0,3,58.44977872
84,1,2.249799027099104e-05,2.514603497590159e-06,84,0.002249799
84,2,2.0851795860918523e-05,5.92274221553703e-06,74,0.00208518
84,3,5.6519341412489675e-05,5.248925575470877e-06,64,0.005651934
84,4,5.981173023263471e-05,5.446004340816897e-06,54,0.005981173
84,5,9.54792757842023e-05,6.399253609793879e-06,44,0.009547928
84,6,0.000121818,7.1860780536009246e-06,34,0.012181839
84,7,0.010884089,4.435909363574081e-05,24,1.088408871
84,8,0.081593626,0,14,8.159362594
84,9,0.48870299086087743,0,4,48.87029909
85,1,2.304672174101521e-05,2.6882242147330866e-06,85,0.002304672
85,2,1.701067557074932e-05,3.7216779018293436e-06,75,0.001701068
85,3,4.9385832302175445e-05,6.1350043418371795e-06,65,0.004938583
85,4,0.00012566,1.2494942107983934e-05,55,0.012565951
85,5,0.0003029,8.074001360620039e-06,45,0.030289977
85,6,0.000687561,2.1752894852536852e-05,35,0.068756053
85,7,0.010753491,2.20962382720544e-05,25,1.075349062
85,8,0.06822104,0,15,6.822104001
85,9,0.4086074018387992,0,5,40.86074018
86,1,2.688784203118441e-05,2.194925880096687e-06,86,0.002688784
86,2,1.316955528058012e-05,1.5998134024493457e-06,76,0.001316956
86,3,3.402135114149864e-05,4.87723198847422e-06,66,0.003402135
86,4,0.000217298,8.907384049333511e-06,56,0.021729766
86,5,0.000430205,1.4605949515843108e-05,46,0.043020547
86,6,0.000784686,1.8364067450819556e-05,36,0.0784686
86,7,0.009286731,1.0533643450994236e-05,26,0.92867314
86,8,0.057037893,0,16,5.703789265
86,9,0.3416374695796991,0,6,34.16374696
87,1,2.8534036441256928e-05,1.3989962366878523e-06,87,0.002853404
87,2,1.646194410072515e-05,1.7352412690887926e-06,77,0.001646194
87,3,3.5118814081546984e-05,5.234564603072051e-06,67,0.003511881
87,4,0.000232113,5.1034976796181546e-06,57,0.023211341
87,5,0.000438985,1.2300645457160819e-05,47,0.043898518
87,6,0.000657929,1.7142919143673668e-05,37,0.065792903
87,7,0.007465492,2.7885602542313676e-05,27,0.746549165
87,8,0.047690252,0,17,4.769025206
87,9,0.2856449103784326,0,7,28.56449104
88,1,2.5790379091136068e-05,1.646194410072516e-06,88,0.002579038
88,2,1.5913212630700978e-05,2.0161681610498147e-06,78,0.001591321
88,3,3.127769379137778e-05,4.799440207348036e-06,68,0.003127769
88,4,0.000201384,6.232391449449844e-06,58,0.020138445
88,5,0.000339665,1.1971907269470205e-05,48,0.033966478
88,6,0.000370942,6.962621806284067e-06,38,0.037094247
88,7,0.001615465,2.0593885490494986e-05,28,0.161546545
88,8,0.039873572,0,18,3.987357227
88,9,0.23882988501332042,0,8,23.8829885
89,1,2.3595453211039376e-05,1.860838950914672e-06,89,0.002359545
89,2,1.371828675060429e-05,1.2270008683674366e-06,79,0.001371829
89,3,2.3595453211039376e-05,3.0797477372568977e-06,69,0.002359545
89,4,0.000172302,7.731079219589025e-06,59,0.017230168
89,5,0.000292474,1.253103734574903e-05,49,0.029247387
89,6,0.000295766,7.433235668728309e-06,39,0.029576626
89,7,0.001255498,1.7322019351197278e-05,29,0.12554976
89,8,0.03333818,0,19,3.333818046
89,9,0.1996861255991461,0,9,19.96861256
90,1,2.249799027099104e-05,2.5146034975901587e-06,90,0.002249799
90,2,1.371828675060429e-05,1.2270008683674362e-06,80,0.001371829
90,3,2.359545321103938e-05,1.646194410072516e-06,70,0.002359545
90,4,0.000161327,7.122948765363582e-06,60,0.016132705
90,5,0.000273268,1.1978193385565683e-05,50,0.027326827
90,6,0.000304546,1.2422436996199136e-05,40,0.030454597
90,7,0.000961378,1.2349506207452168e-05,30,0.096137754
90,8,0.026751207895148336,2.918353920949459e-05,20,2.67512079
90,9,0.1669597807269045,0,10,16.69597807
90,10,1,0,0,100
91,1,2.304672174101521e-05,2.5443631547383524e-06,91,0.002304672
91,2,1.316955528058012e-05,1.0265825790856332e-06,81,0.001316956
91,3,2.0851795860918523e-05,1.3989962366878515e-06,71,0.00208518
91,4,0.000159132,6.316373561692426e-06,61,0.015913213
91,5,0.000262294,1.1464417461614767e-05,51,0.026229364
91,6,0.000366553,1.0682661640614228e-05,41,0.036655262
91,7,0.00054489,1.2440602889905802e-05,31,0.054489035
91,8,0.02023557,3.6487548275001556e-05,21,2.023557042
91,9,0.1395945423167991,0,11,13.95945423
91,10,0.8361048845331804,0,1,83.61048845
92,1,2.3595453211039376e-05,2.688224214733086e-06,92,0.002359545
92,2,1.4267018220628464e-05,1.0265825790856328e-06,82,0.001426702
92,3,1.9205601450846006e-05,1.5027630207260427e-06,72,0.00192056
92,4,0.000144316,6.584777640289578e-06,62,0.014431638
92,5,0.000236503,1.0954032642757143e-05,52,0.023650326
92,6,0.000338019,1.2003304929654784e-05,42,0.033801859
92,7,0.000335275,1.6493922376660005e-05,32,0.033527493
92,8,0.014402555,6.153748819817135e-05,22,1.440255489
92,9,0.11671518367414131,0,12,11.67151837
92,10,0.6990729181813942,0,2,69.90729182
93,1,2.5241647621111894e-05,2.6600744943666295e-06,93,0.002524165
93,2,1.2072092340531775e-05,6.720560536832726e-07,83,0.001207209
93,3,1.8656869980821835e-05,2.360183294705187e-06,73,0.001865687
93,4,0.000127854,6.469448619558403e-06,63,0.012785443
93,5,0.000213457,1.0020924430211263e-05,53,0.021345654
93,6,0.000267781,5.103497679614919e-06,43,0.026778096
93,7,0.00026833,1.5187079023474417e-05,33,0.026832969
93,8,0.011426235,4.555297529054991e-05,23,1.14262354
93,9,0.097586405,0,13,9.758640463
93,10,0.5844977872403472,0,3,58.44977872
94,1,2.3595453211039376e-05,3.079747737256898e-06,94,0.002359545
94,2,1.2620823810555947e-05,1.0974629400483437e-06,84,0.001262082
94,3,9.877166460435089e-06,1.8608389509146716e-06,74,0.000987717
94,4,0.000128403,7.731079219595415e-06,64,0.012840316
94,5,0.000219493,9.304194754567502e-06,54,0.021949259
94,6,0.000280951,1.2827881844469325e-05,44,0.028095051
94,7,0.000249673,1.4749550787254215e-05,34,0.024967282
94,8,0.009419524,3.235189704256537e-05,24,0.941952441
94,9,0.081593626,0,14,8.159362594
94,10,0.48870299086087743,0,4,48.87029909
95,1,2.359545321103938e-05,3.6398727934606576e-06,95,0.002359545
95,2,1.1523360870507604e-05,1.0265825790856332e-06,85,0.001152336
95,3,1.0974629400483435e-05,2.454001736734872e-06,75,0.001097463
95,4,0.000128403,8.474304393136042e-06,65,0.012840316
95,5,0.000227175,7.0164711916173454e-06,55,0.022717483
95,6,0.00028534,1.52019416064068e-05,45,0.028534036
95,7,0.000237601,1.649848564201806e-05,35,0.023760073
95,8,0.007994469,3.116678818396193e-05,25,0.799446879
95,9,0.06822104,0,15,6.822104001
95,10,0.4086074018387992,0,5,40.86074018
96,1,2.1949258800966866e-05,2.8775721051538272e-06,96,0.002194926
96,2,1.2072092340531777e-05,2.228957768154359e-06,86,0.001207209
96,3,1.316955528058012e-05,2.360183294705188e-06,76,0.001316956
96,4,0.000129501,5.715769899341109e-06,66,0.012950063
96,5,0.000241442,5.689368973433684e-06,56,0.024144185
96,6,0.000295766,1.2851333201970683e-05,46,0.029576626
96,7,0.000281499,1.7730056405643304e-05,36,0.028149924
96,8,0.007162043,4.978509717700098e-05,26,0.716204315
96,9,0.057037893,0,16,5.703789265
96,10,0.3416374695796991,0,6,34.16374696
97,1,2.0303064390894352e-05,2.053165158171266e-06,97,0.002030306
97,2,1.1523360870507604e-05,1.5998134024493457e-06,87,0.001152336
97,3,1.2072092340531777e-05,2.2289577681543585e-06,77,0.001207209
97,4,0.00012127,4.3726702783727644e-06,67,0.012126965
97,5,0.00022059,4.389851760182499e-06,57,0.022059005
97,6,0.000267781,1.2500965218530132e-05,47,0.026778096
97,7,0.000280402,1.776822664660448e-05,37,0.028040178
97,8,0.006106284,3.425288908059676e-05,27,0.61062838
97,9,0.047690252,0,17,4.769025206
97,10,0.2856449103784326,0,7,28.56449104
98,1,2.0303064390894352e-05,2.8247681310444825e-06,98,0.002030306
98,2,9.328434990410919e-06,2.8247681310444834e-06,88,0.000932843
98,3,9.328434990410917e-06,2.0531651581712655e-06,78,0.000932843
98,4,0.000111941,6.340164130128729e-06,68,0.011194122
98,5,0.000193702,4.389851760192502e-06,58,0.019370221
98,6,0.000197543,6.011052082908676e-06,48,0.019754333
98,7,0.000249673,1.1640352305140063e-05,38,0.024967282
98,8,0.001505719,1.4027577082952215e-05,28,0.150571915
98,9,0.039873572,0,18,3.987357227
98,10,0.23882988501332042,0,8,23.8829885
99,1,1.8656869980821838e-05,2.66007449436663e-06,99,0.001865687
99,2,8.779703520386746e-06,2.3601832947051876e-06,89,0.00087797
99,3,5.487314700241717e-06,2.125227844943532e-06,79,0.000548731
99,4,8.395591491369139e-05,7.5935395117318366e-06,69,0.008395591
99,5,0.000146511,2.544363154739498e-06,59,0.01465113
99,6,0.000132793,2.9550094009430275e-06,49,0.013279302
99,7,0.000206872,1.2165266547619423e-05,39,0.020687176
99,8,0.001428897,1.4214157652733241e-05,29,0.142889675
99,9,0.03333818,0,19,3.333818046
99,10,0.1996861255991461,0,9,19.96861256
100,1,1.646194410072515e-05,2.2955084313525276e-06,100,0.001646194
100,2,8.230972050362575e-06,1.9400587175227726e-06,90,0.000823097
100,3,3.841120290169201e-06,1.8608389509146716e-06,80,0.000384112
100,4,6.42015819928281e-05,6.919240562734268e-06,70,0.006420158
100,5,0.000105356,4.639945600209428e-06,60,0.010535644
100,6,0.000103162,2.9550094009337656e-06,50,0.010316152
100,7,0.000175045,8.385004699852658e-06,40,0.017504534
100,8,0.001291714,1.59368472978686e-05,30,0.129171388
100,9,0.027875559,0,20,2.787555868
100,10,0.1669597807269045,0,10,16.69597807
100,11,1,0,0,100
101,1,1.646194410072515e-05,2.743657350120857e-06,101,0.001646194
101,2,8.230972050362575e-06,1.9400587175227726e-06,91,0.000823097
101,3,4.938583230217544e-06,1.599813402449345e-06,81,0.000493858
101,4,5.7068072882513856e-05,8.01786625559498e-06,71,0.005706807
101,5,8.88944981439158e-05,2.54436315473835e-06,61,0.00888945
101,6,9.547927578420585e-05,2.0161681610498105e-06,51,0.009547928
101,7,0.000139927,6.316373561698951e-06,41,0.013992652
101,8,0.001192942,1.5794508805358294e-05,31,0.119294222
101,9,0.023304626,0,21,2.330462553
101,10,0.1395945423167991,0,11,13.95945423
101,11,0.8361048845331804,0,1,83.61048845
102,1,1.2620823810555947e-05,3.5349552171262178e-06,102,0.001262082
102,2,9.87716646043509e-06,2.0531651581712655e-06,92,0.000987717
102,3,6.036046170265888e-06,1.344112107366543e-06,82,0.000603605
102,4,4.609344348203042e-05,6.686873304463073e-06,72,0.004609344
102,5,7.682240580338402e-05,2.6028619036331877e-06,62,0.007682241
102,6,9.383308137412647e-05,4.704392375777095e-06,52,0.009383308
102,7,0.000121818,6.469448619544829e-06,42,0.012181839
102,8,0.000512515,1.4372156107200709e-05,32,0.051251519
102,9,0.018495543,1.4657397190153164e-05,22,1.849554293
102,10,0.11671518367414131,0,12,11.67151837
102,11,0.6990729181813942,0,2,69.90729182
103,1,1.4267018220628464e-05,3.404789231142393e-06,103,0.001426702
103,2,1.2072092340531779e-05,1.6461944100725152e-06,93,0.001207209
103,3,8.779703520386746e-06,2.0161681610498156e-06,83,0.00087797
103,4,5.7068072882513856e-05,8.1112089372413e-06,73,0.005706807
103,5,0.000102613,3.841120290155945e-06,63,0.010261278
103,6,0.000131696,4.16096238942923e-06,53,0.013169555
103,7,0.000132793,7.392616590506924e-06,43,0.013279302
103,8,0.000157486,8.212660632680425e-06,33,0.015748593
103,9,0.012657588819047518,4.638809810178655e-05,23,1.265758882
103,10,0.097586405,0,13,9.758640463
103,11,0.5844977872403472,0,3,58.44977872
104,1,1.646194410072515e-05,3.975937232305314e-06,104,0.001646194
104,2,1.5364481160676807e-05,1.6461944100725156e-06,94,0.001536448
104,3,1.316955528058012e-05,2.9294244224001266e-06,84,0.001316956
104,4,4.115486025181287e-05,4.160962389424601e-06,74,0.004115486
104,5,0.00012127,6.2203014449426e-06,64,0.012126965
104,6,0.000148157,5.059054183003033e-06,54,0.01481575
104,7,0.000148157,9.892397258169632e-06,44,0.01481575
104,8,0.00012566,5.649536262087297e-06,34,0.012565951
104,9,0.009927101,5.230536465035631e-05,24,0.992710102
104,10,0.081593626,0,14,8.159362594
104,11,0.48870299086087743,0,4,48.87029909
105,1,1.5364481160676803e-05,2.8247681310444825e-06,105,0.001536448
105,2,1.4267018220628464e-05,1.5998134024493461e-06,95,0.001426702
105,3,1.4267018220628464e-05,3.619132608716852e-06,85,0.001426702
105,4,4.005739731176453e-05,4.953802320933227e-06,75,0.00400574
105,5,0.000124013,5.162160499076048e-06,65,0.012401331
105,6,0.000178338,9.222933855344083e-06,55,0.017833773
105,7,0.000150901,9.182033725409031e-06,45,0.015090115
105,8,0.000114136,8.483182661043214e-06,35,0.011413615
105,9,0.007598285,5.764684610105051e-05,25,0.759828467
105,10,0.06822104,0,15,6.822104001
105,11,0.4086074018387992,0,5,40.86074018
106,1,1.6461944100725146e-05,3.128250685500423e-06,106,0.001646194
106,2,1.7559407040773492e-05,6.720560536832721e-07,96,0.001755941
106,3,1.7559407040773492e-05,3.534955217126218e-06,86,0.001755941
106,4,4.115486025181288e-05,4.508289062178131e-06,76,0.004115486
106,5,0.000116331,5.176722334785247e-06,66,0.011633107
106,6,0.000175045,6.630347579458617e-06,56,0.017504534
106,7,0.00014267,9.968202177129002e-06,46,0.014267018
106,8,9.438181284415397e-05,7.4937514760832505e-06,36,0.009438181
106,9,0.006322484,5.341753600209116e-05,26,0.6322484
106,10,0.057037893,0,16,5.703789265
106,11,0.3416374695796991,0,6,34.16374696
107,1,1.701067557074932e-05,3.1760130002140667e-06,107,0.001701068
107,2,1.7559407040773492e-05,2.0531651581712643e-06,97,0.001755941
107,3,1.9205601450846006e-05,4.160962389424601e-06,87,0.00192056
107,4,3.841120290169201e-05,3.1282506855004227e-06,77,0.00384112
107,5,0.000106454,5.649536262079819e-06,67,0.010645391
107,6,0.000179984,8.483182661037463e-06,57,0.017998392
107,7,0.000132793,7.642944974414625e-06,47,0.013279302
107,8,0.000104808,4.861773211113024e-06,37,0.010480771
107,9,0.005592671,3.0865840336540645e-05,27,0.559267114
107,10,0.047690252,0,17,4.769025206
107,11,0.2856449103784326,0,7,28.56449104
108,1,1.646194410072515e-05,3.1282506855004236e-06,108,0.001646194
108,2,1.5913212630700978e-05,2.797992473375705e-06,98,0.001591321
108,3,1.8108138510797663e-05,4.558105923236899e-06,88,0.001810814
108,4,3.731373996164367e-05,3.426826931959163e-06,78,0.003731374
108,5,0.000104808,6.686873304454622e-06,68,0.010480771
108,6,0.000193153,6.973424949794039e-06,58,0.019315348
108,7,0.000136634,6.798514964387645e-06,48,0.013663414
108,8,0.000131696,7.4129539510631085e-06,38,0.013169555
108,9,0.001397619,1.529081373375074e-05,28,0.139761905
108,10,0.039873572,0,18,3.987357227
108,11,0.23882988501332042,0,8,23.8829885
109,1,1.5913212630700978e-05,2.7979924733757055e-06,109,0.001591321
109,2,9.328434990410919e-06,3.079747737256898e-06,99,0.000932843
109,3,1.2620823810555947e-05,3.315173789730098e-06,89,0.001262082
109,4,4.2252323191861214e-05,3.315173789730099e-06,79,0.004225232
109,5,0.000106454,6.8536538639059e-06,69,0.010645391
109,6,0.000173399,5.305980790500111e-06,59,0.017339914
109,7,0.000128952,5.205723807266333e-06,49,0.01289519
109,8,0.000166266,1.2739554777116025e-05,39,0.016626564
109,9,0.001436579,1.6926386921731024e-05,29,0.143657899
109,10,0.03333818,0,19,3.333818046
109,11,0.1996861255991461,0,9,19.96861256
110,1,1.8108138510797663e-05,3.3151737897300985e-06,110,0.001810814
110,2,7.682240580338402e-06,2.6600744943666286e-06,100,0.000768224
110,3,1.0425897930459262e-05,2.6600744943666295e-06,90,0.00104259
110,4,4.389851760193373e-05,3.470482538177588e-06,80,0.004389852
110,5,8.340718344367409e-05,4.639945600212843e-06,70,0.008340718
110,6,9.108942402397962e-05,5.973364864454329e-06,60,0.009108942
110,7,0.000109198,5.014216777047486e-06,50,0.010919756
110,8,0.000730362,1.2938897239106834e-05,40,0.073036159
110,9,0.001744417,3.7216779018305557e-06,30,0.174441734
110,10,0.027875559,0,20,2.787555868
110,11,0.1669597807269045,0,10,16.69597807
110,12,1,0,0,100
111,1,1.5364481160676803e-05,3.315173789730099e-06,111,0.001536448
111,2,7.133509110314232e-06,2.5443631547383524e-06,101,0.000713351
111,3,6.036046170265889e-06,2.194925880096687e-06,91,0.000603605
111,4,3.127769379137779e-05,3.534955217126218e-06,81,0.003127769
111,5,6.694523934294893e-05,7.692033115327544e-06,71,0.006694524
111,6,6.914016522304562e-05,4.541561019555926e-06,61,0.006914017
111,7,0.000121818,1.078784299218803e-05,51,0.012181839
111,8,0.000767675,1.4240612463734633e-05,41,0.076767533
111,9,0.001661559,3.5349552171303886e-06,31,0.166155889
111,10,0.023304626,0,21,2.330462553
111,11,0.1395945423167991,0,11,13.95945423
111,12,0.8361048845331804,0,1,83.61048845
112,1,1.2072092340531775e-05,3.315173789730099e-06,112,0.001207209
112,2,6.584777640290058e-06,2.228957768154358e-06,102,0.000658478
112,3,4.938583230217545e-06,1.5998134024493453e-06,92,0.000493858
112,4,2.9082767911281093e-05,2.824768131044483e-06,82,0.002908277
112,5,5.4324415532392997e-05,7.4836994910438e-06,72,0.005432442
112,6,5.98117302326347e-05,3.176013000214066e-06,62,0.005981173
112,7,0.000191507,1.3368116742709878e-05,52,0.019150728
112,8,0.000861508,9.77758798564846e-06,42,0.086150841
112,9,0.001496391,8.957946711203738e-06,32,0.149639072
112,10,0.019010253,3.176013000206465e-06,22,1.901025305
112,11,0.11671518367414131,0,12,11.67151837
112,12,0.6990729181813942,0,2,69.90729182
113,1,1.0974629400483435e-05,2.8775721051538277e-06,113,0.001097463
113,2,7.13350911031423e-06,2.0531651581712655e-06,103,0.000713351
113,3,3.841120290169201e-06,1.3989962366878528e-06,93,0.000384112
113,4,2.633911056116024e-05,2.544363154738352e-06,83,0.002633911
113,5,3.8959934371716186e-05,6.09808321811606e-06,73,0.003895993
113,6,5.98117302326347e-05,4.0136246836776525e-06,63,0.005981173
113,7,0.0001948,9.182033725420986e-06,53,0.019479967
113,8,0.000587691,8.474304393130558e-06,43,0.05876914
113,9,0.001070575,1.6425321265369013e-05,33,0.10705751
113,10,0.015341983,3.1395401437941035e-05,23,1.534198317
113,11,0.097586405,0,13,9.758640463
113,12,0.5844977872403472,0,3,58.44977872
114,1,1.0425897930459262e-05,3.29238882014503e-06,114,0.00104259
114,2,6.58477764029006e-06,1.8608389509146718e-06,104,0.000658478
114,3,3.841120290169201e-06,1.3989962366878528e-06,94,0.000384112
114,4,2.304672174101521e-05,3.0797477372568985e-06,84,0.002304672
114,5,2.140052733094269e-05,2.6600744943666282e-06,74,0.002140053
114,6,6.090919317268305e-05,1.8199363967303273e-06,64,0.006090919
114,7,0.000178338,8.456519894222355e-06,54,0.017833773
114,8,0.000491115,4.250455689890247e-06,44,0.049111467
114,9,0.000885653,1.8677033036516435e-05,34,0.088565259
114,10,0.012102273,3.7085073656998064e-05,24,1.210227257
114,11,0.081593626,0,14,8.159362594
114,12,0.48870299086087743,0,4,48.87029909
115,1,9.328434990410919e-06,2.9550094009413512e-06,115,0.000932843
115,2,7.13350911031423e-06,2.053165158171265e-06,105,0.000713351
115,3,3.29238882014503e-06,1.3441121073665435e-06,95,0.000329239
115,4,2.359545321103938e-05,4.214886397697857e-06,85,0.002359545
115,5,2.0303064390894352e-05,2.053165158171266e-06,75,0.002030306
115,6,5.5970609942465514e-05,3.315173789730098e-06,65,0.005597061
115,7,0.000159132,6.940965076349832e-06,55,0.015913213
115,8,0.000438436,6.853653863923868e-06,45,0.043843644
115,9,0.000622261,2.0000490531483524e-05,35,0.062226149
115,10,0.005433539,2.9962446719175898e-05,25,0.543353902
115,11,0.06822104,0,15,6.822104001
115,12,0.4086074018387992,0,5,40.86074018
116,1,8.230972050362575e-06,2.4540017367348723e-06,116,0.000823097
116,2,7.133509110314232e-06,1.3989962366878526e-06,106,0.000713351
116,3,2.7436573501208582e-06,1.5027630207260433e-06,96,0.000274366
116,4,2.140052733094269e-05,3.404789231142392e-06,86,0.002140053
116,5,2.2497990270991037e-05,3.918726519666728e-06,76,0.002249799
116,6,5.103202671224796e-05,2.0531651581712655e-06,66,0.005103203
116,7,0.00014706,7.885330412167663e-06,56,0.014706003
116,8,0.000404964,9.877166460433337e-06,46,0.040496382
116,9,0.000424169,1.2103230107870408e-05,36,0.042416943
116,10,0.003623274,3.596808169539312e-05,26,0.36232739
116,11,0.057037893,0,16,5.703789265
116,12,0.3416374695796991,0,6,34.16374696
117,1,9.328434990410919e-06,2.544363154738353e-06,117,0.000932843
117,2,7.133509110314232e-06,1.3989962366878526e-06,107,0.000713351
117,3,2.7436573501208582e-06,1.5027630207260433e-06,97,0.000274366
117,4,2.3046721741015205e-05,3.534955217126218e-06,87,0.002304672
117,5,2.140052733094269e-05,3.2923888201450295e-06,77,0.002140053
117,6,4.719090642207876e-05,1.344112107366545e-06,67,0.004719091
117,7,0.000134439,4.672280107100713e-06,57,0.013443921
117,8,0.000321008,8.676206345434923e-06,47,0.032100791
117,9,0.000240344,1.4559491173846511e-05,37,0.024034438
117,10,0.001580895,3.6578210947182696e-05,27,0.158089537
117,11,0.047690252,0,17,4.769025206
117,12,0.2856449103784326,0,7,28.56449104
118,1,9.328434990410919e-06,2.544363154738353e-06,118,0.000932843
118,2,6.036046170265888e-06,1.0265825790856328e-06,108,0.000603605
118,3,3.29238882014503e-06,1.3441121073665433e-06,98,0.000329239
118,4,2.359545321103938e-05,3.199626804898692e-06,88,0.002359545
118,5,2.140052733094269e-05,3.2923888201450295e-06,78,0.002140053
118,6,4.4995980541982074e-05,6.720560536832706e-07,68,0.004499598
118,7,0.000124562,7.290078800906703e-06,58,0.012456204
118,8,0.000293023,7.533825299132959e-06,48,0.02930226
118,9,0.000200836,1.2584986093691909e-05,38,0.020083572
118,10,0.00032869,1.135887397255446e-05,28,0.032869015
118,11,0.039869182,2.053165158177294e-06,18,3.986918242
118,12,0.23882988501332042,0,8,23.8829885
119,1,9.328434990410919e-06,2.544363154738353e-06,119,0.000932843
119,2,5.4873147002417164e-06,1.5027630207260433e-06,109,0.000548731
119,3,2.7436573501208582e-06,1.5027630207260433e-06,99,0.000274366
119,4,2.304672174101521e-05,3.199626804898692e-06,89,0.002304672
119,5,1.8656869980821838e-05,3.2923888201450295e-06,79,0.001865687
119,6,4.0606128781788704e-05,1.5998134024493466e-06,69,0.004060613
119,7,0.000114136,4.474769719434554e-06,59,0.011413615
119,8,0.000275463,6.3520260004290855e-06,49,0.02754632
119,9,0.000210713,9.715801660798156e-06,39,0.021071288
119,10,0.000342408,9.116211846471308e-06,29,0.034240844
119,11,0.03332117,3.0552075235578833e-06,19,3.332116979
119,12,0.1996861255991461,0,9,19.96861256
120,1,7.133509110314232e-06,1.8608389509146716e-06,120,0.000713351
120,2,4.938583230217545e-06,1.5998134024493453e-06,110,0.000493858
120,3,2.7436573501208582e-06,1.5027630207260433e-06,100,0.000274366
120,4,2.0303064390894352e-05,3.937889110810099e-06,90,0.002030306
120,5,1.7559407040773495e-05,3.1996268048986914e-06,80,0.001755941
120,6,3.8959934371716186e-05,2.016168161049814e-06,70,0.003895993
120,7,0.000105356,6.5847776402749454e-06,60,0.010535644
120,8,0.000277658,6.098083218109283e-06,50,0.027765812
120,9,0.000223334,8.915831072616124e-06,40,0.022333371
120,10,0.000418133,9.16562257068821e-06,30,0.041813338
120,11,0.027873364,1.3441121073803995e-06,20,2.787336375
120,12,0.1669597807269045,0,10,16.69597807
120,13,1,0,0,100
121,1,6.58477764029006e-06,1.8608389509146716e-06,121,0.000658478
121,2,4.938583230217545e-06,1.5998134024493453e-06,111,0.000493858
121,3,1.646194410072515e-06,1.0974629400483432e-06,101,0.000164619
121,4,1.3718286750604293e-05,2.8775721051538277e-06,91,0.001371829
121,5,1.5364481160676807e-05,3.534955217126218e-06,81,0.001536448
121,6,3.841120290169201e-05,2.7436573501208574e-06,71,0.00384112
121,7,9.767420166428048e-05,6.35202600041166e-06,61,0.00976742
121,8,0.000239796,8.349017389146762e-06,51,0.023979565
121,9,0.0001948,1.2053371069498338e-05,41,0.019479967
121,10,0.000443375,1.1978193385561089e-05,31,0.044337503
121,11,0.023304077,5.487314700196658e-07,21,2.33040768
121,12,0.1395945423167991,0,11,13.95945423
121,13,0.8361048845331804,0,1,83.61048845
122,1,4.938583230217545e-06,1.5998134024493455e-06,122,0.000493858
122,2,3.841120290169201e-06,1.646194410072515e-06,112,0.000384112
122,3,1.646194410072515e-06,1.0974629400483432e-06,102,0.000164619
122,4,8.779703520386744e-06,2.1949258800966865e-06,92,0.00087797
122,5,1.0974629400483433e-05,1.502763020726044e-06,82,0.001097463
122,6,3.2375156731426124e-05,2.6600744943666286e-06,72,0.003237516
122,7,9.877166460432465e-05,6.434446837265523e-06,62,0.009877166
122,8,0.000173399,7.4332356687327306e-06,52,0.017339914
122,9,0.00014267,8.276573352511458e-06,42,0.014267018
122,10,0.000434595,1.3979196715127165e-05,32,0.043459532
122,11,0.019485455,0,22,1.94854545
122,12,0.11671518367414131,0,12,11.67151837
122,13,0.6990729181813942,0,2,69.90729182
123,1,4.938583230217545e-06,1.5998134024493455e-06,123,0.000493858
123,2,3.29238882014503e-06,1.5998134024493455e-06,113,0.000329239
123,3,1.646194410072515e-06,1.0974629400483432e-06,103,0.000164619
123,4,7.682240580338402e-06,2.016168161049815e-06,93,0.000768224
123,5,9.87716646043509e-06,1.8608389509146722e-06,83,0.000987717
123,6,2.8534036441256928e-05,2.0531651581712664e-06,73,0.002853404
123,7,9.438181284413213e-05,5.794250962858433e-06,63,0.009438181
123,8,0.000161876,7.206998266868919e-06,53,0.016187578
123,9,0.000133342,9.838986315762111e-06,43,0.013334175
123,10,0.000431303,1.279262420056026e-05,33,0.043130294
123,11,0.016291837,0,23,1.629183735
123,12,0.097586405,0,13,9.758640463
123,13,0.5844977872403472,0,3,58.44977872
124,1,4.938583230217545e-06,1.5998134024493455e-06,124,0.000493858
124,2,2.7436573501208582e-06,1.227000868367436e-06,114,0.000274366
124,3,1.646194410072515e-06,1.0974629400483432e-06,104,0.000164619
124,4,7.13350911031423e-06,2.053165158171265e-06,94,0.000713351
124,5,8.230972050362575e-06,1.9400587175227726e-06,84,0.000823097
124,6,1.4815749690652634e-05,1.3989962366878532e-06,74,0.001481575
124,7,9.108942402397962e-05,6.798514964366747e-06,64,0.009108942
124,8,0.00015145,7.875778221617451e-06,54,0.015144989
124,9,0.000138829,1.0028433554101767e-05,44,0.013882906
124,10,0.00045874,1.4267018220627302e-05,34,0.045873951
124,11,0.013533912976676141,5.910018801887816e-06,24,1.353391298
124,12,0.081593626,0,14,8.159362594
124,13,0.48870299086087743,0,4,48.87029909
125,1,4.938583230217545e-06,1.5998134024493455e-06,125,0.000493858
125,2,2.1949258800966865e-06,1.0265825790856328e-06,115,0.000219493
125,3,1.646194410072515e-06,1.0974629400483432e-06,105,0.000164619
125,4,7.13350911031423e-06,2.053165158171265e-06,95,0.000713351
125,5,8.230972050362575e-06,1.9400587175227726e-06,85,0.000823097
125,6,1.2620823810555947e-05,1.8608389509146724e-06,75,0.001262082
125,7,8.615084079379495e-05,6.8095784622847835e-06,65,0.008615084
125,8,0.00014267,8.932701155957215e-06,55,0.014267018
125,9,0.000126208,6.831651708061993e-06,45,0.012620824
125,10,0.000404964,1.1691972745964955e-05,35,0.040496382
125,11,0.010861591,2.0920274849393055e-05,25,1.086159072
125,12,0.06822104,0,15,6.822104001
125,13,0.4086074018387992,0,5,40.86074018
126,1,3.841120290169201e-06,1.0974629400483432e-06,126,0.000384112
126,2,3.29238882014503e-06,1.5998134024493455e-06,116,0.000329239
126,3,1.646194410072515e-06,1.0974629400483432e-06,106,0.000164619
126,4,6.036046170265888e-06,2.1949258800966865e-06,96,0.000603605
126,5,9.328434990410917e-06,2.3918650249758824e-06,86,0.000932843
126,6,1.3718286750604293e-05,1.735241269088793e-06,76,0.001371829
126,7,7.791986874343237e-05,7.027191551107859e-06,66,0.007791987
126,8,0.000134988,9.480517312846638e-06,56,0.013498794
126,9,0.000109198,7.227857929195207e-06,46,0.010919756
126,10,0.000330885,1.2915604875960476e-05,36,0.033088508
126,11,0.00724545,2.547910955421394e-05,26,0.724545033
126,12,0.057037344,5.487314700212848e-07,16,5.703734392
126,13,0.3416374695796991,0,6,34.16374696
127,1,3.841120290169201e-06,1.0974629400483432e-06,127,0.000384112
127,2,3.29238882014503e-06,1.3441121073665435e-06,117,0.000329239
127,3,2.1949258800966865e-06,1.5998134024493453e-06,107,0.000219493
127,4,8.230972050362575e-06,2.454001736734872e-06,97,0.000823097
127,5,9.328434990410919e-06,2.5443631547383524e-06,87,0.000932843
127,6,1.5364481160676807e-05,1.3989962366878536e-06,77,0.001536448
127,7,6.859143375302145e-05,6.375683534830595e-06,67,0.006859143
127,8,0.000127306,7.932918837017883e-06,57,0.01273057
127,9,9.218688696405396e-05,7.290078800900406e-06,47,0.009218689
127,10,0.000238698,6.375683534840219e-06,37,0.023869819
127,11,0.002779874,1.2434550540769311e-05,27,0.277987363
127,12,0.046236662,1.0461936399245057e-05,17,4.62366624
127,13,0.2856449103784326,0,7,28.56449104
128,1,3.841120290169201e-06,1.0974629400483432e-06,128,0.000384112
128,2,3.29238882014503e-06,1.3441121073665435e-06,118,0.000329239
128,3,2.1949258800966865e-06,1.5998134024493453e-06,108,0.000219493
128,4,8.230972050362575e-06,2.454001736734872e-06,98,0.000823097
128,5,8.230972050362575e-06,2.2955084313525284e-06,88,0.000823097
128,6,1.5913212630700978e-05,1.0265825790856328e-06,78,0.001591321
128,7,5.871426729258636e-05,5.794250962870875e-06,68,0.005871427
128,8,0.000125111,7.3415267137681206e-06,58,0.012511078
128,9,7.737113727340819e-05,4.106330316342532e-06,48,0.007737114
128,10,0.000165168,6.6868733044655785e-06,38,0.016516817
128,11,0.000420328,1.3646765217497106e-05,28,0.042032831
128,12,0.037380136,7.382426900503777e-06,18,3.738013647
128,13,0.23882988501332042,0,8,23.8829885
129,1,4.938583230217545e-06,1.3441121073665435e-06,129,0.000493858
129,2,3.841120290169201e-06,1.646194410072515e-06,119,0.000384112
129,3,2.1949258800966865e-06,1.5998134024493453e-06,109,0.000219493
129,4,9.87716646043509e-06,2.824768131044483e-06,99,0.000987717
129,5,9.87716646043509e-06,2.053165158171266e-06,89,0.000987717
129,6,1.7559407040773492e-05,2.6882242147330866e-06,79,0.001755941
129,7,5.487314700241716e-05,6.316373561690499e-06,69,0.005487315
129,8,0.000127306,5.390431413881962e-06,59,0.01273057
129,9,7.243255404319065e-05,7.080549884115563e-06,49,0.007243255
129,10,0.000117429,6.399253609791731e-06,39,0.011742853
129,11,0.000364906,1.4123840655220906e-05,29,0.036490643
129,12,0.027946345,3.292846064618547e-05,19,2.794634504
129,13,0.1996861255991461,0,9,19.96861256
130,1,3.841120290169201e-06,1.0974629400483432e-06,130,0.000384112
130,2,3.841120290169201e-06,1.646194410072515e-06,120,0.000384112
130,3,2.1949258800966865e-06,1.5998134024493453e-06,110,0.000219493
130,4,1.0425897930459262e-05,2.9294244224001275e-06,100,0.00104259
130,5,9.328434990410917e-06,1.8608389509146718e-06,90,0.000932843
130,6,1.5913212630700978e-05,2.194925880096687e-06,80,0.001591321
130,7,5.0483295242223794e-05,5.9227422155370295e-06,70,0.00504833
130,8,0.000119623,5.528316376517421e-06,60,0.011962346
130,9,5.322695259234464e-05,8.915831072617434e-06,50,0.005322695
130,10,7.682240580338402e-05,6.073344441810771e-06,40,0.007682241
130,11,0.000341311,1.2134287972904826e-05,30,0.034131097
130,12,0.022545181,3.7583098689176185e-05,20,2.254518118
130,13,0.1669597807269045,0,10,16.69597807
130,14,1,0,0,100
131,1,5.4873147002417164e-06,1.5027630207260435e-06,131,0.000548731
131,2,3.841120290169201e-06,1.646194410072515e-06,121,0.000384112
131,3,2.1949258800966865e-06,1.5998134024493453e-06,111,0.000219493
131,4,1.2072092340531775e-05,3.199626804898691e-06,101,0.001207209
131,5,1.0974629400483431e-05,2.602861903633189e-06,91,0.001097463
131,6,1.5913212630700975e-05,2.660074494366628e-06,81,0.001591321
131,7,4.6642174952054585e-05,5.205723807266378e-06,71,0.004664217
131,8,0.000127854,7.290078800911218e-06,61,0.012785443
131,9,6.420158199282808e-05,9.684760681591864e-06,51,0.006420158
131,10,6.694523934294893e-05,5.985953634734546e-06,41,0.006694524
131,11,0.000345701,9.968202177120745e-06,31,0.034570083
131,12,0.020332695890275622,1.9943954592896112e-05,21,2.033269589
131,13,0.1395945423167991,0,11,13.95945423
131,14,0.8361048845331804,0,1,83.61048845
132,1,5.4873147002417164e-06,1.7352412690887926e-06,132,0.000548731
132,2,2.7436573501208582e-06,1.227000868367436e-06,122,0.000274366
132,3,1.646194410072515e-06,1.0974629400483432e-06,112,0.000164619
132,4,1.2072092340531775e-05,3.5349552171262173e-06,102,0.001207209
132,5,1.316955528058012e-05,2.3601832947051884e-06,92,0.001316956
132,6,1.5913212630700978e-05,2.360183294705187e-06,82,0.001591321
132,7,4.389851760193373e-05,2.4540017367348715e-06,72,0.004389852
132,8,0.000119623,5.029206995179182e-06,62,0.011962346
132,9,6.749397081297311e-05,7.885330412179596e-06,52,0.006749397
132,10,7.627367433335986e-05,5.71576989933512e-06,42,0.007627367
132,11,0.000364906,1.2662506286228726e-05,32,0.036490643
132,12,0.017635680715106822,2.918353920949538e-05,22,1.763568072
132,13,0.11671518367414131,0,12,11.67151837
132,14,0.6990729181813942,0,2,69.90729182
133,1,4.389851760193373e-06,1.3989962366878528e-06,133,0.000438985
133,2,2.1949258800966865e-06,1.0265825790856328e-06,123,0.000219493
133,3,1.646194410072515e-06,1.0974629400483432e-06,113,0.000164619
133,4,9.328434990410917e-06,2.3918650249758824e-06,103,0.000932843
133,5,1.1523360870507604e-05,1.8199363967303288e-06,93,0.001152336
133,6,1.371828675060429e-05,1.2270008683674366e-06,83,0.001371829
133,7,4.280105466188539e-05,4.032336322099631e-06,73,0.004280105
133,8,8.560210932375641e-05,4.7043923757707655e-06,63,0.008560211
133,9,4.1703591721837046e-05,6.036046170265886e-06,53,0.004170359
133,10,0.0001081,4.124621410493677e-06,43,0.01081001
133,11,0.000522941,1.0995187575352566e-05,33,0.052294109
133,12,0.015221262,2.3383945491936076e-05,23,1.522126225
133,13,0.097586405,0,13,9.758640463
133,14,0.5844977872403472,0,3,58.44977872
134,1,4.389851760193373e-06,1.3989962366878528e-06,134,0.000438985
134,2,2.1949258800966865e-06,1.0265825790856328e-06,124,0.000219493
134,3,1.646194410072515e-06,1.0974629400483432e-06,114,0.000164619
134,4,5.487314700241716e-06,1.940058717522772e-06,104,0.000548731
134,5,9.328434990410917e-06,1.8608389509146716e-06,94,0.000932843
134,6,1.2620823810555948e-05,1.398996236687853e-06,84,0.001262082
134,7,2.414418468106355e-05,4.196988710063558e-06,74,0.002414418
134,8,6.639650787292477e-05,6.7429251927800675e-06,64,0.006639651
134,9,4.115486025181287e-05,4.508289062178129e-06,54,0.004115486
134,10,0.00018163,7.5338252991256634e-06,44,0.018163012
134,11,0.001313663,7.483699491037508e-06,34,0.131366314
134,12,0.013477394,7.279745586918641e-06,24,1.347739364
134,13,0.081593626,0,14,8.159362594
134,14,0.48870299086087743,0,4,48.87029909
135,1,4.389851760193373e-06,1.3989962366878528e-06,135,0.000438985
135,2,1.646194410072515e-06,1.0974629400483432e-06,125,0.000164619
135,3,1.646194410072515e-06,1.0974629400483432e-06,115,0.000164619
135,4,5.487314700241717e-06,2.454001736734872e-06,105,0.000548731
135,5,6.036046170265888e-06,1.3441121073665433e-06,95,0.000603605
135,6,9.328434990410919e-06,1.0974629400483435e-06,85,0.000932843
135,7,2.359545321103938e-05,3.741849745521899e-06,75,0.002359545
135,8,5.4324415532392997e-05,5.514683023137752e-06,65,0.005432442
135,9,5.9262998762610535e-05,5.528316376509323e-06,55,0.0059263
135,10,0.000243088,7.885330412185066e-06,45,0.024308804
135,11,0.001251656,6.036046170270917e-06,35,0.125165648
135,12,0.011388922,0,25,1.138892166
135,13,0.06822104,0,15,6.822104001
135,14,0.4086074018387992,0,5,40.86074018
136,1,4.389851760193373e-06,1.3989962366878528e-06,136,0.000438985
136,2,1.0974629400483432e-06,1.0974629400483432e-06,126,0.000109746
136,3,2.1949258800966865e-06,1.0265825790856328e-06,116,0.000219493
136,4,3.841120290169201e-06,2.053165158171265e-06,106,0.000384112
136,5,5.4873147002417164e-06,1.227000868367436e-06,96,0.000548731
136,6,7.682240580338402e-06,5.487314700241716e-07,86,0.000768224
136,7,2.0303064390894352e-05,2.228957768154359e-06,76,0.002030306
136,8,3.457008261152281e-05,3.199626804898691e-06,66,0.003457008
136,9,8.724830373384328e-05,2.5146034975901595e-06,56,0.00872483
136,10,0.000317167,5.176722334771991e-06,46,0.031716679
136,11,0.001199527,9.440733178820452e-06,36,0.119952699
136,12,0.009405257,4.672280107094604e-06,26,0.94052574
136,13,0.057037893,0,16,5.703789265
136,14,0.3416374695796991,0,6,34.16374696
137,1,4.389851760193373e-06,1.3989962366878528e-06,137,0.000438985
137,2,5.487314700241716e-07,5.487314700241716e-07,127,5.48731E-05
137,3,2.1949258800966865e-06,1.0265825790856328e-06,117,0.000219493
137,4,2.7436573501208582e-06,1.7352412690887926e-06,107,0.000274366
137,5,5.4873147002417164e-06,8.676206345443964e-07,97,0.000548731
137,6,8.779703520386746e-06,1.3441121073665437e-06,87,0.00087797
137,7,1.5364481160676807e-05,6.720560536832714e-07,77,0.001536448
137,8,2.798530497123275e-05,3.513595775553929e-06,67,0.00279853
137,9,9.218688696406083e-05,2.8247681310444783e-06,57,0.009218689
137,10,0.000355029,4.720366589398318e-06,47,0.035502926
137,11,0.001142459,7.080549884121418e-06,37,0.114245892
137,12,0.007388669,1.344112107366419e-05,27,0.738866924
137,13,0.047690252,0,17,4.769025206
137,14,0.2856449103784326,0,7,28.56449104
138,1,3.841120290169201e-06,1.3989962366878528e-06,138,0.000384112
138,2,5.487314700241716e-07,5.487314700241716e-07,128,5.48731E-05
138,3,2.1949258800966865e-06,1.0265825790856328e-06,118,0.000219493
138,4,4.389851760193373e-06,1.8608389509146718e-06,108,0.000438985
138,5,5.4873147002417164e-06,8.676206345443964e-07,98,0.000548731
138,6,6.58477764029006e-06,6.720560536832716e-07,88,0.000658478
138,7,1.2620823810555948e-05,2.5443631547383532e-06,78,0.001262082
138,8,2.5790379091136068e-05,3.534955217126217e-06,68,0.002579038
138,9,8.176098903360158e-05,4.861773211113278e-06,58,0.008176099
138,10,0.000330336,4.953802320944855e-06,48,0.033033634
138,11,0.00095589,7.837453039343895e-06,38,0.095589022
138,12,0.001367988,9.48845412236208e-06,28,0.136798755
138,13,0.039873572,0,18,3.987357227
138,14,0.23882988501332042,0,8,23.8829885
139,1,3.841120290169201e-06,1.3989962366878528e-06,139,0.000384112
139,2,1.0974629400483432e-06,6.720560536832718e-07,129,0.000109746
139,3,2.1949258800966865e-06,1.0265825790856328e-06,119,0.000219493
139,4,4.389851760193373e-06,1.8608389509146718e-06,109,0.000438985
139,5,5.4873147002417164e-06,8.676206345443964e-07,99,0.000548731
139,6,6.58477764029006e-06,6.720560536832718e-07,89,0.000658478
139,7,1.0974629400483433e-05,1.940058717522773e-06,79,0.001097463
139,8,2.5241647621111894e-05,3.5135957755539296e-06,69,0.002524165
139,9,7.791986874343237e-05,3.1996268048986914e-06,59,0.007791987
139,10,0.000307838,3.4047892311382633e-06,49,0.030783835
139,11,0.000857667,1.0251149835131507e-05,39,0.085766729
139,12,0.001113376,8.606516812494417e-06,29,0.111337615
139,13,0.033136796,7.885330412171774e-06,19,3.313679601
139,14,0.1996861255991461,0,9,19.96861256
140,1,4.389851760193373e-06,1.3989962366878528e-06,140,0.000438985
140,2,1.0974629400483432e-06,6.720560536832718e-07,130,0.000109746
140,3,2.1949258800966865e-06,1.0265825790856328e-06,120,0.000219493
140,4,3.841120290169201e-06,1.646194410072515e-06,110,0.000384112
140,5,5.4873147002417164e-06,8.676206345443964e-07,100,0.000548731
140,6,7.133509110314232e-06,6.720560536832718e-07,90,0.000713351
140,7,1.316955528058012e-05,2.0161681610498156e-06,80,0.001316956
140,8,2.4144184681063554e-05,3.7216779018293436e-06,70,0.002414418
140,9,7.846860021345654e-05,1.8608389509146722e-06,60,0.00784686
140,10,0.000310582,3.918726519653755e-06,50,0.031058201
140,11,0.000734751,1.0020924430209065e-05,40,0.073475144
140,12,0.000448314,1.3569320444227661e-05,30,0.044831361
140,13,0.025337126896896038,2.7013532519530615e-05,20,2.53371269
140,14,0.1669597807269045,0,10,16.69597807
140,15,1,0,0,100
141,1,4.389851760193373e-06,1.3989962366878528e-06,141,0.000438985
141,2,1.0974629400483432e-06,6.720560536832718e-07,131,0.000109746
141,3,2.1949258800966865e-06,1.0265825790856328e-06,121,0.000219493
141,4,3.841120290169201e-06,1.3989962366878528e-06,111,0.000384112
141,5,5.4873147002417164e-06,1.227000868367436e-06,101,0.000548731
141,6,7.682240580338402e-06,5.487314700241716e-07,91,0.000768224
141,7,1.4815749690652634e-05,2.3918650249758824e-06,81,0.001481575
141,8,2.8534036441256928e-05,3.315173789730099e-06,71,0.002853404
141,9,7.572494286333569e-05,1.3989962366878523e-06,61,0.007572494
141,10,0.000300705,4.720366589410526e-06,51,0.030070485
141,11,0.000640918,6.527367846738999e-06,41,0.064091836
141,12,0.000232662,1.0206995359226628e-05,31,0.023266214
141,13,0.02005394,2.5670429993040313e-05,21,2.00539403
141,14,0.1395945423167991,0,11,13.95945423
141,15,0.8361048845331804,0,1,83.61048845
142,1,4.389851760193373e-06,1.3989962366878528e-06,142,0.000438985
142,2,1.0974629400483432e-06,6.720560536832718e-07,132,0.000109746
142,3,2.1949258800966865e-06,1.0265825790856328e-06,122,0.000219493
142,4,3.29238882014503e-06,1.5998134024493453e-06,112,0.000329239
142,5,6.58477764029006e-06,1.3989962366878523e-06,102,0.000658478
142,6,7.133509110314232e-06,1.0974629400483432e-06,92,0.000713351
142,7,1.4815749690652634e-05,1.8608389509146724e-06,82,0.001481575
142,8,2.633911056116024e-05,3.3151737897300985e-06,72,0.002633911
142,9,6.859143375302145e-05,2.7436573501208574e-06,62,0.006859143
142,10,0.000281499,3.937889110813607e-06,52,0.028149924
142,11,0.000596471,5.5283163765154375e-06,42,0.059647111
142,12,0.000164071,2.929424422405959e-06,32,0.016407071
142,13,0.015355701457156359,4.506117881663118e-05,22,1.535570146
142,14,0.11671518367414131,0,12,11.67151837
142,15,0.6990729181813942,0,2,69.90729182
143,1,4.389851760193373e-06,1.3989962366878528e-06,143,0.000438985
143,2,1.646194410072515e-06,6.720560536832718e-07,133,0.000164619
143,3,2.1949258800966865e-06,1.0265825790856328e-06,123,0.000219493
143,4,3.841120290169201e-06,1.3989962366878528e-06,113,0.000384112
143,5,5.4873147002417164e-06,1.227000868367436e-06,103,0.000548731
143,6,7.682240580338402e-06,1.344112107366543e-06,93,0.000768224
143,7,1.4815749690652634e-05,3.079747737256898e-06,83,0.001481575
143,8,2.688784203118441e-05,3.721677901829344e-06,73,0.002688784
143,9,6.749397081297311e-05,3.079747737256898e-06,63,0.006749397
143,10,0.000267781,6.8095784622906306e-06,53,0.026778096
143,11,0.000561352,7.238265217436288e-06,43,0.056135229
143,12,0.000140475,6.220301444952239e-06,33,0.014047526
143,13,0.012145073626044962,3.994448513382385e-05,23,1.214507363
143,14,0.097586405,0,13,9.758640463
143,15,0.5844977872403472,0,3,58.44977872
144,1,4.389851760193373e-06,1.3989962366878528e-06,144,0.000438985
144,2,5.487314700241716e-07,5.487314700241716e-07,134,5.48731E-05
144,3,2.1949258800966865e-06,1.0265825790856328e-06,124,0.000219493
144,4,2.7436573501208582e-06,1.227000868367436e-06,114,0.000274366
144,5,6.58477764029006e-06,1.3989962366878523e-06,104,0.000658478
144,6,6.58477764029006e-06,1.0974629400483432e-06,94,0.000658478
144,7,1.2620823810555948e-05,3.079747737256898e-06,84,0.001262082
144,8,1.8656869980821835e-05,2.660074494366628e-06,74,0.001865687
144,9,6.420158199282808e-05,3.5349552171262178e-06,64,0.006420158
144,10,0.000243637,5.649536262081948e-06,54,0.024363677
144,11,0.000447765,7.82784242499918e-06,44,0.044776488
144,12,0.000149255,6.6416912106401786e-06,34,0.014925496
144,13,0.010252498785931579,1.9524356131837773e-05,24,1.025249879
144,14,0.081593626,0,14,8.159362594
144,15,0.48870299086087743,0,4,48.87029909
145,1,4.389851760193373e-06,1.3989962366878528e-06,145,0.000438985
145,2,5.487314700241716e-07,5.487314700241716e-07,135,5.48731E-05
145,3,2.1949258800966865e-06,1.0265825790856328e-06,125,0.000219493
145,4,2.1949258800966865e-06,1.0265825790856328e-06,115,0.000219493
145,5,6.584777640290058e-06,1.8608389509146714e-06,105,0.000658478
145,6,6.58477764029006e-06,1.0974629400483432e-06,95,0.000658478
145,7,1.0425897930459262e-05,1.5998134024493457e-06,85,0.00104259
145,8,1.5364481160676803e-05,3.3151737897300985e-06,75,0.001536448
145,9,6.20066561127314e-05,3.639872793460655e-06,65,0.006200666
145,10,0.000235955,4.1609623894160485e-06,55,0.023595453
145,11,0.000420877,1.3232281380480312e-05,45,0.042087704
145,12,0.000240893,9.400780679721358e-06,35,0.024089312
145,13,0.008983832,3.0336960631623773e-05,25,0.898383163
145,14,0.06822104,0,15,6.822104001
145,15,0.4086074018387992,0,5,40.86074018
146,1,4.389851760193373e-06,1.3989962366878528e-06,146,0.000438985
146,2,0,0,136,0
146,3,2.1949258800966865e-06,1.0265825790856328e-06,126,0.000219493
146,4,2.1949258800966865e-06,1.0265825790856328e-06,116,0.000219493
146,5,5.487314700241716e-06,1.940058717522772e-06,106,0.000548731
146,6,5.4873147002417164e-06,8.676206345443963e-07,96,0.000548731
146,7,1.2620823810555948e-05,2.228957768154359e-06,86,0.001262082
146,8,1.2620823810555948e-05,2.8247681310444834e-06,76,0.001262082
146,9,5.761680435253802e-05,3.4704825381775826e-06,66,0.00576168
146,10,0.00023376,2.660074494360845e-06,56,0.023375961
146,11,0.000354481,1.240424449877561e-05,46,0.035448053
146,12,0.000270525,1.0324320998164315e-05,36,0.027052461
146,13,0.007873748,1.8372263866064662e-05,26,0.787374786
146,14,0.057037893,0,16,5.703789265
146,15,0.3416374695796991,0,6,34.16374696
147,1,3.841120290169201e-06,1.3989962366878528e-06,147,0.000384112
147,2,0,0,137,0
147,3,2.1949258800966865e-06,1.0265825790856328e-06,127,0.000219493
147,4,1.0974629400483432e-06,6.720560536832718e-07,117,0.000109746
147,5,4.938583230217545e-06,1.5998134024493453e-06,107,0.000493858
147,6,4.938583230217545e-06,5.487314700241717e-07,97,0.000493858
147,7,1.2072092340531777e-05,1.0974629400483439e-06,87,0.001207209
147,8,1.0425897930459262e-05,2.929424422400127e-06,77,0.00104259
147,9,5.59706099424655e-05,4.558105923236897e-06,67,0.005597061
147,10,0.000221139,3.315173789739654e-06,57,0.022113878
147,11,0.000277109,1.0590659528930608e-05,47,0.027710939
147,12,0.000273817,1.328338242128408e-05,37,0.0273817
147,13,0.00712034,1.3112271167019289e-05,27,0.712033956
147,14,0.047690252,0,17,4.769025206
147,15,0.2856449103784326,0,7,28.56449104
148,1,2.7436573501208582e-06,8.676206345443963e-07,148,0.000274366
148,2,0,0,138,0
148,3,1.646194410072515e-06,1.0974629400483432e-06,128,0.000164619
148,4,1.0974629400483432e-06,6.720560536832718e-07,118,0.000109746
148,5,3.29238882014503e-06,1.0265825790856328e-06,108,0.000329239
148,6,4.389851760193373e-06,6.720560536832716e-07,98,0.000438985
148,7,8.230972050362575e-06,1.2270008683674355e-06,88,0.000823097
148,8,9.87716646043509e-06,2.824768131044483e-06,78,0.000987717
148,9,5.212948965229631e-05,4.908003473469744e-06,68,0.005212949
148,10,0.000198641,5.176722334784182e-06,58,0.019864079
148,11,0.000190959,1.2318990949033044e-05,48,0.019095855
148,12,0.00025516,1.186453373487556e-05,38,0.025516013
148,13,0.001648389,6.220301444952252e-06,28,0.164838934
148,14,0.039873572,0,18,3.987357227
148,15,0.23882988501332042,0,8,23.8829885
149,1,2.7436573501208582e-06,8.676206345443963e-07,149,0.000274366
149,2,0,0,139,0
149,3,1.0974629400483432e-06,6.720560536832718e-07,129,0.000109746
149,4,1.0974629400483432e-06,6.720560536832718e-07,119,0.000109746
149,5,3.29238882014503e-06,1.0265825790856328e-06,109,0.000329239
149,6,3.841120290169201e-06,6.720560536832718e-07,99,0.000384112
149,7,8.230972050362575e-06,8.676206345443961e-07,89,0.000823097
149,8,7.682240580338403e-06,2.194925880096687e-06,79,0.000768224
149,9,4.719090642207876e-05,4.106330316342531e-06,69,0.004719091
149,10,0.000175594,4.672280107091906e-06,59,0.017559407
149,11,0.000145414,1.0080840805245925e-05,49,0.014541384
149,12,0.00023376,1.1056632753027151e-05,39,0.023375961
149,13,0.001501878,1.4429655415625617e-05,29,0.150187803
149,14,0.03333818,0,19,3.333818046
149,15,0.1996861255991461,0,9,19.96861256
150,1,2.7436573501208582e-06,8.676206345443963e-07,150,0.000274366
150,2,0,0,140,0
150,3,1.646194410072515e-06,1.0974629400483432e-06,130,0.000164619
150,4,1.646194410072515e-06,1.0974629400483435e-06,120,0.000164619
150,5,3.841120290169201e-06,1.3989962366878528e-06,110,0.000384112
150,6,3.841120290169201e-06,1.0974629400483432e-06,100,0.000384112
150,7,7.682240580338402e-06,1.599813402449345e-06,90,0.000768224
150,8,7.682240580338402e-06,2.0161681610498147e-06,80,0.000768224
150,9,4.0606128781788704e-05,4.0136246836776525e-06,70,0.004060613
150,10,0.000153645,5.205723807263697e-06,60,0.015364481
150,11,0.000136085,6.5273678467402695e-06,50,0.01360854
150,12,0.000212359,1.1724120105920043e-05,40,0.021235908
150,13,0.001370182,1.745190384445074e-05,30,0.137018248
150,14,0.027875559,0,20,2.787555868
150,15,0.1669597807269045,0,10,16.69597807
150,16,1,0,0,100
151,1,2.1949258800966865e-06,1.0265825790856328e-06,151,0.000219493
151,2,0,0,141,0
151,3,1.646194410072515e-06,1.0974629400483432e-06,131,0.000164619
151,4,1.646194410072515e-06,1.0974629400483435e-06,121,0.000164619
151,5,3.841120290169201e-06,1.3989962366878528e-06,111,0.000384112
151,6,4.389851760193373e-06,1.3989962366878528e-06,101,0.000438985
151,7,6.58477764029006e-06,1.097462940048343e-06,91,0.000658478
151,8,8.779703520386746e-06,2.3601832947051876e-06,81,0.00087797
151,9,4.280105466188538e-05,4.639945600212842e-06,71,0.004280105
151,10,0.00014706,8.65883654555497e-06,61,0.014706003
151,11,0.000163522,7.186078053601302e-06,51,0.016352198
151,12,0.00018602,1.024380397260088e-05,41,0.018601997
151,13,0.001108438,1.3854790478373964e-05,31,0.110843757
151,14,0.023118605563588298,5.23456460307e-06,21,2.311860556
151,15,0.1395945423167991,0,11,13.95945423
151,16,0.8361048845331804,0,1,83.61048845
152,1,2.7436573501208582e-06,1.7352412690887928e-06,152,0.000274366
152,2,5.487314700241716e-07,5.487314700241716e-07,142,5.48731E-05
152,3,1.646194410072515e-06,6.720560536832718e-07,132,0.000164619
152,4,2.1949258800966865e-06,1.0265825790856328e-06,122,0.000219493
152,5,3.841120290169201e-06,1.0974629400483432e-06,112,0.000384112
152,6,4.389851760193373e-06,1.0974629400483432e-06,102,0.000438985
152,7,7.133509110314232e-06,1.3989962366878526e-06,92,0.000713351
152,8,1.0425897930459262e-05,3.0552075235639133e-06,82,0.00104259
152,9,4.389851760193373e-05,3.5772915191919663e-06,72,0.004389852
152,10,0.000146511,6.469448619555434e-06,62,0.01465113
152,11,0.000226626,1.1299072524171677e-05,52,0.02266261
152,12,0.000170107,6.316373561690267e-06,42,0.017010676
152,13,0.000368199,9.55958888501079e-06,32,0.036819882
152,14,0.018929041,9.983294089157e-06,22,1.892904079
152,15,0.11671518367414131,0,12,11.67151837
152,16,0.6990729181813942,0,2,69.90729182
153,1,2.1949258800966865e-06,1.3441121073665435e-06,153,0.000219493
153,2,5.487314700241716e-07,5.487314700241716e-07,143,5.48731E-05
153,3,1.646194410072515e-06,6.720560536832718e-07,133,0.000164619
153,4,2.1949258800966865e-06,1.0265825790856328e-06,123,0.000219493
153,5,5.4873147002417164e-06,1.227000868367436e-06,113,0.000548731
153,6,6.58477764029006e-06,1.3989962366878523e-06,103,0.000658478
153,7,9.328434990410917e-06,1.8608389509146718e-06,93,0.000932843
153,8,1.2072092340531775e-05,3.534955217126218e-06,83,0.001207209
153,9,4.225232319186122e-05,2.6882242147330874e-06,73,0.004225232
153,10,0.000140475,5.973364864459379e-06,63,0.014047526
153,11,0.000222785,8.339996298016742e-06,53,0.022278498
153,12,0.000158035,7.290078800889007e-06,43,0.015803466
153,13,0.000267232,4.303258406248805e-06,33,0.026723223
153,14,0.015494530519072462,1.714730969800672e-05,23,1.549453052
153,15,0.097586405,0,13,9.758640463
153,16,0.5844977872403472,0,3,58.44977872
154,1,2.1949258800966865e-06,1.3441121073665435e-06,154,0.000219493
154,2,5.487314700241716e-07,5.487314700241716e-07,144,5.48731E-05
154,3,1.0974629400483432e-06,6.720560536832718e-07,134,0.000109746
154,4,2.1949258800966865e-06,1.0265825790856328e-06,124,0.000219493
154,5,4.389851760193373e-06,1.3989962366878528e-06,114,0.000438985
154,6,7.133509110314232e-06,1.3989962366878526e-06,104,0.000713351
154,7,8.779703520386746e-06,1.8199363967303288e-06,94,0.00087797
154,8,1.2072092340531775e-05,3.0797477372568977e-06,84,0.001207209
154,9,2.0851795860918523e-05,3.534955217126218e-06,74,0.00208518
154,10,0.000117977,5.689368973448158e-06,64,0.011797727
154,11,0.0001948,9.304194754576345e-06,54,0.019479967
154,12,0.00013828,6.171704595460072e-06,44,0.013828033
154,13,0.000208518,6.6076018946636905e-06,34,0.020851796
154,14,0.012367858602874761,1.3811256072285194e-05,24,1.23678586
154,15,0.081593626,0,14,8.159362594
154,16,0.48870299086087743,0,4,48.87029909
155,1,2.1949258800966865e-06,1.3441121073665435e-06,155,0.000219493
155,2,5.487314700241716e-07,5.487314700241716e-07,145,5.48731E-05
155,3,1.0974629400483432e-06,6.720560536832718e-07,135,0.000109746
155,4,2.1949258800966865e-06,1.0265825790856328e-06,125,0.000219493
155,5,5.4873147002417164e-06,1.227000868367436e-06,115,0.000548731
155,6,6.58477764029006e-06,1.3989962366878526e-06,105,0.000658478
155,7,8.779703520386746e-06,2.9294244224001275e-06,95,0.00087797
155,8,1.0425897930459262e-05,2.9294244224001275e-06,85,0.00104259
155,9,1.8656869980821838e-05,2.360183294705188e-06,75,0.001865687
155,10,0.0001081,5.320148988717432e-06,65,0.01081001
155,11,0.000156388,1.3300372471828982e-05,55,0.015638847
155,12,0.000124562,7.3926165905210206e-06,45,0.012456204
155,13,0.000182728,4.124621410510038e-06,35,0.018272758
155,14,0.010489002,2.148127770043957e-05,25,1.048900205
155,15,0.06822104,0,15,6.822104001
155,16,0.4086074018387992,0,5,40.86074018
156,1,2.7436573501208582e-06,1.2270008683674362e-06,156,0.000274366
156,2,5.487314700241716e-07,5.487314700241717e-07,146,5.48731E-05
156,3,1.0974629400483432e-06,6.720560536832718e-07,136,0.000109746
156,4,1.646194410072515e-06,1.0974629400483432e-06,126,0.000164619
156,5,4.938583230217545e-06,1.0265825790856328e-06,116,0.000493858
156,6,5.487314700241716e-06,1.5027630207260431e-06,106,0.000548731
156,7,8.230972050362576e-06,3.128250685500424e-06,96,0.000823097
156,8,9.328434990410919e-06,1.8608389509146722e-06,86,0.000932843
156,9,1.9205601450846006e-05,1.502763020726042e-06,76,0.00192056
156,10,9.767420166426428e-05,7.341526713754528e-06,66,0.00976742
156,11,0.000115234,6.664320547800726e-06,56,0.011523361
156,12,0.000113039,9.79297365680955e-06,46,0.011303868
156,13,0.000215651,4.389851760196252e-06,36,0.021565147
156,14,0.009106199,1.0005889276313349e-05,26,0.910619875
156,15,0.057037893,0,16,5.703789265
156,16,0.3416374695796991,0,6,34.16374696
157,1,2.7436573501208582e-06,1.2270008683674362e-06,157,0.000274366
157,2,5.487314700241716e-07,5.487314700241717e-07,147,5.48731E-05
157,3,1.0974629400483432e-06,6.720560536832718e-07,137,0.000109746
157,4,5.487314700241716e-07,5.487314700241717e-07,127,5.48731E-05
157,5,4.389851760193373e-06,1.3989962366878528e-06,117,0.000438985
157,6,4.389851760193373e-06,1.0974629400483432e-06,107,0.000438985
157,7,8.779703520386746e-06,2.0161681610498156e-06,97,0.00087797
157,8,7.682240580338403e-06,2.360183294705188e-06,87,0.000768224
157,9,1.9754332920870177e-05,1.026582579085632e-06,77,0.001975433
157,10,8.999196108396145e-05,7.923424017532528e-06,67,0.008999196
157,11,9.657673872421715e-05,3.619132608697196e-06,57,0.009657674
157,12,0.000110295,1.0389734457185326e-05,47,0.011029503
157,13,0.000241442,5.884489443657513e-06,37,0.024144185
157,14,0.007682241,1.0974629400480023e-05,27,0.768224058
157,15,0.047690252,0,17,4.769025206
157,16,0.2856449103784326,0,7,28.56449104
158,1,2.7436573501208582e-06,8.676206345443963e-07,158,0.000274366
158,2,0,0,148,0
158,3,5.487314700241716e-07,5.487314700241716e-07,138,5.48731E-05
158,4,0,0,128,0
158,5,2.7436573501208582e-06,1.227000868367436e-06,118,0.000274366
158,6,3.841120290169201e-06,6.720560536832718e-07,108,0.000384112
158,7,8.230972050362575e-06,1.502763020726043e-06,98,0.000823097
158,8,7.133509110314232e-06,2.5443631547383524e-06,88,0.000713351
158,9,1.8108138510797667e-05,6.720560536832722e-07,78,0.001810814
158,10,8.889449814388293e-05,7.740809971349894e-06,68,0.00888945
158,11,8.724830373382893e-05,5.305980790496669e-06,58,0.00872483
158,12,0.000105356,7.64294497439117e-06,48,0.010535644
158,13,0.000657929,7.483699491037486e-06,38,0.065792903
158,14,0.001948545,2.7979924733760376e-06,28,0.194854545
158,15,0.039873572,0,18,3.987357227
158,16,0.23882988501332042,0,8,23.8829885
159,1,2.1949258800966865e-06,1.0265825790856328e-06,159,0.000219493
159,2,0,0,149,0
159,3,1.0974629400483432e-06,6.720560536832718e-07,139,0.000109746
159,4,5.487314700241716e-07,5.487314700241716e-07,129,5.48731E-05
159,5,2.7436573501208582e-06,1.227000868367436e-06,119,0.000274366
159,6,2.7436573501208582e-06,8.676206345443963e-07,109,0.000274366
159,7,7.13350911031423e-06,2.053165158171265e-06,99,0.000713351
159,8,3.841120290169201e-06,1.8608389509146718e-06,89,0.000384112
159,9,1.4267018220628464e-05,2.3601832947051876e-06,79,0.001426702
159,10,6.475031346285225e-05,6.2924930468477934e-06,69,0.006475031
159,11,5.761680435253803e-05,5.277530286320219e-06,59,0.00576168
159,12,0.000139378,8.474304393134105e-06,49,0.013937779
159,13,0.000796209,1.6171294241659973e-05,39,0.079620936
159,14,0.001859102,1.860838950900526e-06,29,0.185910222
159,15,0.03333818,0,19,3.333818046
159,16,0.1996861255991461,0,9,19.96861256
160,1,2.1949258800966865e-06,1.0265825790856328e-06,160,0.000219493
160,2,0,0,150,0
160,3,5.487314700241716e-07,5.487314700241716e-07,140,5.48731E-05
160,4,5.487314700241716e-07,5.487314700241716e-07,130,5.48731E-05
160,5,2.1949258800966865e-06,1.0265825790856328e-06,120,0.000219493
160,6,2.1949258800966865e-06,5.487314700241716e-07,110,0.000219493
160,7,5.4873147002417164e-06,1.5027630207260435e-06,100,0.000548731
160,8,2.1949258800966865e-06,1.5998134024493453e-06,90,0.000219493
160,9,9.87716646043509e-06,2.9550094009413516e-06,80,0.000987717
160,10,4.664217495205459e-05,3.681002605102309e-06,70,0.004664217
160,11,4.1703591721837046e-05,4.861773211113282e-06,60,0.004170359
160,12,0.000173399,7.533825299134043e-06,50,0.017339914
160,13,0.000850534,1.664384955769138e-05,40,0.085053378
160,14,0.001766367,2.6600744943608155e-06,30,0.17663666
160,15,0.027875559,0,20,2.787555868
160,16,0.1669597807269045,0,10,16.69597807
160,17,1,0,0,100
161,1,1.646194410072515e-06,1.0974629400483432e-06,161,0.000164619
161,2,0,0,151,0
161,3,5.487314700241716e-07,5.487314700241716e-07,141,5.48731E-05
161,4,5.487314700241716e-07,5.487314700241716e-07,131,5.48731E-05
161,5,2.1949258800966865e-06,1.0265825790856328e-06,121,0.000219493
161,6,2.7436573501208582e-06,8.676206345443963e-07,111,0.000274366
161,7,4.938583230217545e-06,1.3441121073665435e-06,101,0.000493858
161,8,3.29238882014503e-06,1.5998134024493453e-06,91,0.000329239
161,9,8.230972050362576e-06,2.8775721051538277e-06,81,0.000823097
161,10,3.6216277021595326e-05,1.5998134024493449e-06,71,0.003621628
161,11,4.44472490719579e-05,4.0136246836776525e-06,61,0.004444725
161,12,0.000195348,4.013624683680635e-06,51,0.01953484
161,13,0.000684268,1.0028433554102048e-05,41,0.068426814
161,14,0.001611624,7.080549884115997e-06,31,0.161162433
161,15,0.022718032,1.1424952912614116e-05,21,2.271803159
161,16,0.1395945423167991,0,11,13.95945423
161,17,0.8361048845331804,0,1,83.61048845
162,1,1.646194410072515e-06,1.0974629400483432e-06,162,0.000164619
162,2,0,0,152,0
162,3,5.487314700241716e-07,5.487314700241716e-07,142,5.48731E-05
162,4,5.487314700241716e-07,5.487314700241716e-07,132,5.48731E-05
162,5,2.1949258800966865e-06,1.0265825790856328e-06,122,0.000219493
162,6,2.7436573501208582e-06,8.676206345443963e-07,112,0.000274366
162,7,3.841120290169201e-06,1.3989962366878528e-06,102,0.000384112
162,8,2.7436573501208582e-06,1.227000868367436e-06,92,0.000274366
162,9,6.036046170265888e-06,2.660074494366629e-06,82,0.000603605
162,10,2.9082767911281096e-05,2.053165158171266e-06,72,0.002908277
162,11,4.554471201200625e-05,4.2148863976978575e-06,62,0.004554471
162,12,0.000195348,6.2203014449482755e-06,52,0.01953484
162,13,0.000440083,9.041589484802733e-06,42,0.044008264
162,14,0.001338356,1.1457849476262453e-05,32,0.133835606
162,15,0.018053265,2.3425757132696182e-05,22,1.805326536
162,16,0.11671518367414131,0,12,11.67151837
162,17,0.6990729181813942,0,2,69.90729182
163,1,5.487314700241716e-07,5.487314700241716e-07,163,5.48731E-05
163,2,0,0,153,0
163,3,5.487314700241716e-07,5.487314700241716e-07,143,5.48731E-05
163,4,5.487314700241716e-07,5.487314700241716e-07,133,5.48731E-05
163,5,2.1949258800966865e-06,1.0265825790856328e-06,123,0.000219493
163,6,2.7436573501208582e-06,8.676206345443963e-07,113,0.000274366
163,7,4.389851760193373e-06,6.720560536832718e-07,103,0.000438985
163,8,2.1949258800966865e-06,1.3441121073665435e-06,93,0.000219493
163,9,6.58477764029006e-06,2.5443631547383524e-06,83,0.000658478
163,10,2.688784203118441e-05,2.0161681610498147e-06,73,0.002688784
163,11,4.005739731176453e-05,3.4268269319591627e-06,63,0.00400574
163,12,0.000195897,8.303813930888037e-06,53,0.019589713
163,13,0.000413195,8.074001360606778e-06,43,0.04131948
163,14,0.001194588,1.3401860465072347e-05,33,0.119458841
163,15,0.013970154495345322,3.802119135378478e-05,23,1.39701545
163,16,0.097586405,0,13,9.758640463
163,17,0.5844977872403472,0,3,58.44977872
164,1,1.646194410072515e-06,6.720560536832718e-07,164,0.000164619
164,2,0,0,154,0
164,3,5.487314700241716e-07,5.487314700241716e-07,144,5.48731E-05
164,4,5.487314700241716e-07,5.487314700241716e-07,134,5.48731E-05
164,5,2.7436573501208582e-06,1.5027630207260433e-06,124,0.000274366
164,6,2.7436573501208582e-06,8.676206345443963e-07,114,0.000274366
164,7,5.4873147002417164e-06,8.676206345443963e-07,104,0.000548731
164,8,2.7436573501208582e-06,1.7352412690887926e-06,94,0.000274366
164,9,8.230972050362573e-06,4.1609623894246e-06,84,0.000823097
164,10,1.701067557074932e-05,1.3441121073665427e-06,74,0.001701068
164,11,4.3898517601933725e-05,1.7352412690887924e-06,64,0.004389852
164,12,0.000198641,8.788273267200382e-06,54,0.019864079
164,13,0.00043679,6.798514964376354e-06,44,0.043679025
164,14,0.000600312,1.402757708296102e-05,34,0.060031223
164,15,0.011370814,2.8308907096833777e-05,24,1.137081352
164,16,0.081593626,0,14,8.159362594
164,17,0.48870299086087743,0,4,48.87029909
165,1,1.0974629400483432e-06,6.720560536832718e-07,165,0.000109746
165,2,0,0,155,0
165,3,5.487314700241716e-07,5.487314700241716e-07,145,5.48731E-05
165,4,5.487314700241716e-07,5.487314700241716e-07,135,5.48731E-05
165,5,2.7436573501208582e-06,1.5027630207260433e-06,125,0.000274366
165,6,2.7436573501208582e-06,8.676206345443963e-07,115,0.000274366
165,7,6.58477764029006e-06,6.720560536832716e-07,105,0.000658478
165,8,2.7436573501208582e-06,1.7352412690887926e-06,95,0.000274366
165,9,8.230972050362573e-06,4.1609623894246e-06,85,0.000823097
165,10,2.0851795860918523e-05,1.0974629400483416e-06,75,0.00208518
165,11,4.115486025181287e-05,8.676206345443972e-07,65,0.004115486
165,12,0.000184374,1.0569314543439321e-05,55,0.018437377
165,13,0.000469165,9.968202177127636e-06,45,0.046916541
165,14,0.000384661,7.779611266968033e-06,35,0.038466076
165,15,0.007342027,3.690193637149588e-05,25,0.734202707
165,16,0.068218296,2.1252278449478034e-06,15,6.821829635
165,17,0.4086074018387992,0,5,40.86074018
166,1,1.0974629400483432e-06,6.720560536832718e-07,166,0.000109746
166,2,0,0,156,0
166,3,1.0974629400483432e-06,6.720560536832718e-07,146,0.000109746
166,4,5.487314700241716e-07,5.487314700241716e-07,136,5.48731E-05
166,5,2.7436573501208582e-06,1.5027630207260433e-06,126,0.000274366
166,6,2.7436573501208582e-06,8.676206345443963e-07,116,0.000274366
166,7,6.036046170265888e-06,1.0265825790856328e-06,106,0.000603605
166,8,3.29238882014503e-06,1.5998134024493453e-06,96,0.000329239
166,9,8.779703520386746e-06,3.292388820145029e-06,86,0.00087797
166,10,2.359545321103938e-05,1.646194410072516e-06,76,0.002359545
166,11,5.0483295242223794e-05,3.639872793460658e-06,66,0.00504833
166,12,0.000166814,8.111208937227324e-06,56,0.016681437
166,13,0.000423072,1.3311687125074033e-05,46,0.042307196
166,14,0.000275463,5.103497679618144e-06,36,0.02754632
166,15,0.005238739,3.296501737201606e-05,26,0.523873934
166,16,0.056950096,5.689368973429245e-06,16,5.695009562
166,17,0.3416374695796991,0,6,34.16374696
167,1,1.0974629400483432e-06,6.720560536832718e-07,167,0.000109746
167,2,0,0,157,0
167,3,1.0974629400483432e-06,6.720560536832718e-07,147,0.000109746
167,4,5.487314700241716e-07,5.487314700241716e-07,137,5.48731E-05
167,5,3.29238882014503e-06,1.5998134024493455e-06,127,0.000329239
167,6,2.7436573501208582e-06,8.676206345443963e-07,117,0.000274366
167,7,6.58477764029006e-06,1.3989962366878526e-06,107,0.000658478
167,8,3.841120290169201e-06,2.053165158171265e-06,97,0.000384112
167,9,9.328434990410919e-06,2.544363154738353e-06,87,0.000932843
167,10,2.5790379091136068e-05,6.720560536832738e-07,77,0.002579038
167,11,5.487314700241716e-05,3.2463391561605334e-06,67,0.005487315
167,12,0.000141573,8.34901738914676e-06,57,0.014157272
167,13,0.000389051,1.3025872656406878e-05,47,0.038905061
167,14,0.000237601,6.584777640277914e-06,37,0.023760073
167,15,0.004219745,4.910303561140075e-05,27,0.4219745
167,16,0.046930808,1.3480267338171448e-05,17,4.693080771
167,17,0.2856449103784326,0,7,28.56449104